key,name,species,personality,sub_personality,gender,birthday,birthday_month,birthday_day,sign,catchphrase,quote,hobby,fav_style1,fav_style2,fav_color1,fav_color2,favorite_song,clothing,debut,games,in_nh,islander,image_url,icon_url,photo_url,nookipedia_url,title_color,text_color
Ace,Ace,Bird,Jock,A,Male,August 11,August,11,Leo,ace,"If you love something, let it go. Then chase it down. What were you thinking?",Nature,Active,Cute,Aqua,Green,K.K. Hop,kung-fu tee,DnM,DnM|AC|e+|NH|PC,1,0,https://dodo.ac/np/images/9/91/Ace_amiibo.png,https://dodo.ac/np/images/4/4f/Ace_NH_Villager_Icon.png,https://dodo.ac/np/images/1/12/Ace%27s_Photo_NH_Texture.png,https://nookipedia.com/wiki/Ace,0961f6,fffce9
Admiral,Admiral,Bird,Cranky,A,Male,January 27,January,27,Aquarius,aye aye,Only quitters give up.,Nature,Cool,,Black,Blue,Steep Hill,hanten jacket,DnM,DnM|AC|e+|WA|NH|PC,1,0,https://dodo.ac/np/images/e/ed/Admiral_NH.png,https://dodo.ac/np/images/8/82/Admiral_NH_Villager_Icon.png,https://dodo.ac/np/images/0/0a/Admiral%27s_Photo_NH_Texture.png,https://nookipedia.com/wiki/Admiral,0ca54a,fffce9
Agent_S,Agent S,Squirrel,Peppy,B,Female,July 2,July,2,Cancer,sidekick,You gotta put the pedal to the metal!,Fitness,Active,Simple,Blue,Black,Go K.K. Rider,No. 2 shirt,DnMe+,e+|WW|CF|NL|WA|NH|PC|HHD,1,0,https://dodo.ac/np/images/a/a7/Agent_S_NH.png,https://dodo.ac/np/images/5/51/Agent_S_NH_Villager_Icon.png,https://dodo.ac/np/images/b/b3/Agent_S%27s_Photo_NH_Texture.png,https://nookipedia.com/wiki/Agent_S,0961f6,fffce9
Agnes,Agnes,Pig,Big sister,A,Female,April 21,April,21,Taurus,snuffle,You reap what you sow.,Play,Simple,Elegant,Pink,White,K.K. House,striped halter dress,NL,NL|WA|NH|PC|HHD,1,0,https://dodo.ac/np/images/4/42/Agnes_NH.png,https://dodo.ac/np/images/2/27/Agnes_NH_Villager_Icon.png,https://dodo.ac/np/images/2/27/Agnes%27s_Photo_NH_Texture.png,https://nookipedia.com/wiki/Agnes,515151,fffce9
Aisle,Aisle,Bear cub,Lazy,,Male,,,,Capricorn,あーあ,,,,,,,,blue grid shirt,DnMe+,e+,0,0,https://dodo.ac/np/images/2/27/Aisle_DnMe%2B.png,,,https://nookipedia.com/wiki/Aisle,,
Al,Al,Gorilla,Lazy,B,Male,October 18,October,18,Libra,ayyyeee,Life is a buffet. Always go back for seconds.,Fitness,Active,,Red,White,Go K.K. Rider,athletic jacket,CF,CF|NL|WA|NH|PC|HHD,1,0,https://dodo.ac/np/images/c/c4/Al_NH.png,https://dodo.ac/np/images/6/62/Al_NH_Villager_Icon.png,https://dodo.ac/np/images/7/7e/Al%27s_Photo_NH_Texture.png,https://nookipedia.com/wiki/Al,798040,fffad4
Alfonso,Alfonso,Alligator,Lazy,B,Male,June 9,June,9,Gemini,it'sa me,Slow and steady wins the race.,Play,Simple,,Red,Blue,Forest Life,simple parka,DnM,DnM|AC|e+|WW|CF|NL|WA|NH|PC|HHD|Film,1,0,https://dodo.ac/np/images/e/e4/Alfonso_NH.png,https://dodo.ac/np/images/0/0a/Alfonso_NH_Villager_Icon.png,https://dodo.ac/np/images/e/e8/Alfonso%27s_Photo_NH_Texture.png,https://nookipedia.com/wiki/Alfonso,e8b010,fffce9
Alice,Alice,Koala,Normal,B,Female,August 19,August,19,Leo,guvnor,Treat others as you would like to be treated.,Education,Cute,,Red,Pink,Aloha K.K.,striped maxi dress,DnMe+,e+|WW|CF|NL|WA|NH|PC|HHD,1,0,https://dodo.ac/np/images/e/e1/Alice_NH.png,https://dodo.ac/np/images/1/1f/Alice_NH_Villager_Icon.png,https://dodo.ac/np/images/7/73/Alice%27s_Photo_NH_Texture.png,https://nookipedia.com/wiki/Alice,e8b010,fffce9
Alli,Alli,Alligator,Snooty,B,Female,November 8,November,8,Scorpio,graaagh,Think before you act.,Fashion,Gorgeous,Elegant,Yellow,Brown,K.K. Soul,leopard tee,DnM,DnM|AC|e+|WW|CF|NL|WA|NH|PC|HHD,1,0,https://dodo.ac/np/images/8/8e/Alli_NH.png,https://dodo.ac/np/images/5/54/Alli_NH_Villager_Icon.png,https://dodo.ac/np/images/7/71/Alli%27s_Photo_NH_Texture.png,https://nookipedia.com/wiki/Alli,3fd8e0,fffce9
Amelia,Amelia,Eagle,Snooty,B,Female,November 19,November,19,Scorpio,cuz,"Pampering yourself is as important as food, water, and shelter!",Music,Cool,Elegant,Black,White,K.K. Condor,Aran-knit sweater,DnM,DnM|AC|e+|WW|CF|NL|WA|NH|PC|HHD,1,0,https://dodo.ac/np/images/a/ab/Amelia_NH.png,https://dodo.ac/np/images/d/d9/Amelia_NH_Villager_Icon.png,https://dodo.ac/np/images/c/c3/Amelia%27s_Photo_NH_Texture.png,https://nookipedia.com/wiki/Amelia,ff4040,fffad4
Anabelle,Anabelle,Anteater,Peppy,B,Female,February 16,February,16,Aquarius,snorty,Dance like no one's watching!,Fashion,Cute,Simple,Green,Blue,Aloha K.K.,bold muumuu,WW,WW|CF|NL|WA|NH|PC|HHD,1,0,https://dodo.ac/np/images/d/d8/Anabelle_NH.png,https://dodo.ac/np/images/b/ba/Anabelle_NH_Villager_Icon.png,https://dodo.ac/np/images/2/25/Anabelle%27s_Photo_NH_Texture.png,https://nookipedia.com/wiki/Anabelle,ff791f,fff2bb
Analog,Analog,Penguin,Jock,,Male,,,,Aquarius,だもんで,,,,,,,,spring shirt,DnMe+,e+,0,0,https://dodo.ac/np/images/b/be/Analog_DnMe%2B.png,,,https://nookipedia.com/wiki/Analog,,
Anchovy,Anchovy,Bird,Lazy,B,Male,March 4,March,4,Pisces,chuurp,Why do today what you can put off until tomorrow?,Play,Simple,,Colorful,Orange,K.K. Ragtime,yodel sweater,DnM,DnM|AC|e+|WW|CF|NL|WA|NH|PC|HHD,1,0,https://dodo.ac/np/images/e/ea/Anchovy_NH.png,https://dodo.ac/np/images/8/81/Anchovy_NH_Villager_Icon.png,https://dodo.ac/np/images/a/a0/Anchovy%27s_Photo_NH_Texture.png,https://nookipedia.com/wiki/Anchovy,d86808,fffce9
Angus,Angus,Bull,Cranky,B,Male,April 30,April,30,Taurus,macmoo,Even strong bulls cry.,Fitness,Cool,,Red,Black,K.K. Calypso,flame tee,DnMe+,e+|WW|CF|NL|WA|NH|PC|HHD,1,0,https://dodo.ac/np/images/5/5f/Angus_NH.png,https://dodo.ac/np/images/e/e4/Angus_NH_Villager_Icon.png,https://dodo.ac/np/images/3/32/Angus%27s_Photo_NH_Texture.png,https://nookipedia.com/wiki/Angus,ff791f,fff2bb
Anicotti,Anicotti,Mouse,Peppy,B,Female,February 24,February,24,Pisces,cannoli,The walls have ears.,Fashion,Simple,Elegant,Red,Pink,Neapolitan,colorful striped sweater,DnM,DnM|AC|e+|NL|WA|NH|PC|HHD,1,0,https://dodo.ac/np/images/8/80/Anicotti_NH.png,https://dodo.ac/np/images/0/07/Anicotti_NH_Villager_Icon.png,https://dodo.ac/np/images/b/b1/Anicotti%27s_Photo_NH_Texture.png,https://nookipedia.com/wiki/Anicotti,78dd62,28665a
Ankha,Ankha,Cat,Snooty,B,Female,September 22,September,22,Virgo,me meow,All that glitters is not gold.,Nature,Gorgeous,Simple,Colorful,Brown,K.K. Bazaar,palatial tank dress,DnM+,AC|e+|CF|NL|WA|NH|PC|HHD,1,1,https://dodo.ac/np/images/5/56/Ankha_NH.png,https://dodo.ac/np/images/1/1c/Ankha_NH_Villager_Icon.png,https://dodo.ac/np/images/a/ae/Ankha%27s_Photo_NH_Texture.png,https://nookipedia.com/wiki/Ankha,fff80d,9b8986
Annalisa,Annalisa,Anteater,Normal,A,Female,February 6,February,6,Aquarius,gumdrop,Home is where the heart is.,Nature,Elegant,Gorgeous,Red,Pink,King K.K.,blossoming kimono,NL,NL|WA|NH|PC|HHD,1,0,https://dodo.ac/np/images/f/f0/Annalisa_NH.png,https://dodo.ac/np/images/3/3d/Annalisa_NH_Villager_Icon.png,https://dodo.ac/np/images/6/68/Annalisa%27s_Photo_NH_Texture.png,https://nookipedia.com/wiki/Annalisa,ffffff,848484
Annalise,Annalise,Horse,Snooty,B,Female,December 2,December,2,Sagittarius,nipper,Let gossip go in one ear and out the other.,Fashion,Elegant,Active,Blue,Purple,Aloha K.K.,bold muumuu,DnM+,AC|e+|NL|WA|NH|PC|HHD,1,1,https://dodo.ac/np/images/c/c4/Annalise_NH.png,https://dodo.ac/np/images/5/54/Annalise_NH_Villager_Icon.png,https://dodo.ac/np/images/b/b3/Annalise%27s_Photo_NH_Texture.png,https://nookipedia.com/wiki/Annalise,7c6559,eac113
Antonio,Antonio,Anteater,Jock,B,Male,October 20,October,20,Libra,honk,Always go for the burn!,Fitness,Simple,,Aqua,Blue,K.K. Ragtime,bone tee,DnMe+,e+|WW|CF|NL|WA|NH|PC|HHD,1,0,https://dodo.ac/np/images/d/d4/Antonio_NH.png,https://dodo.ac/np/images/3/34/Antonio_NH_Villager_Icon.png,https://dodo.ac/np/images/8/89/Antonio%27s_Photo_NH_Texture.png,https://nookipedia.com/wiki/Antonio,fff98f,879b96
Apollo,Apollo,Eagle,Cranky,B,Male,July 4,July,4,Cancer,pah,What goes up must come down.,Music,Cool,Simple,Black,,K.K. Rock,flight jacket,DnM,DnM|AC|e+|WW|CF|NL|WA|NH|PC|HHD|Film,1,0,https://dodo.ac/np/images/0/0e/Apollo_NH_Transparent.png,https://dodo.ac/np/images/0/0b/Apollo_NH_Villager_Icon.png,https://dodo.ac/np/images/2/25/Apollo%27s_Photo_NH_Texture.png,https://nookipedia.com/wiki/Apollo,ffffff,848484
Apple,Apple,Hamster,Peppy,A,Female,September 24,September,24,Libra,cheekers,One rotten apple spoils the barrel.,Play,Cute,Simple,Colorful,Red,I Love You,marble-dots tee,NL,NL|WA|NH|PC|HHD,1,0,https://dodo.ac/np/images/5/57/Apple_NH.png,https://dodo.ac/np/images/9/91/Apple_NH_Villager_Icon.png,https://dodo.ac/np/images/7/71/Apple%27s_Photo_NH_Texture.png,https://nookipedia.com/wiki/Apple,ff6183,fffce9
Astrid,Astrid,Kangaroo,Snooty,B,Female,September 8,September,8,Virgo,my pet,The apple doesn't fall far from the tree.,Music,Cool,Active,Black,Colorful,K.K. Gumbo,tee dress,DnM,DnM|AC|e+|CF|NL|WA|NH|PC|HHD,1,0,https://dodo.ac/np/images/d/d5/Astrid_NH.png,https://dodo.ac/np/images/2/2a/Astrid_NH_Villager_Icon.png,https://dodo.ac/np/images/9/94/Astrid%27s_Photo_NH_Texture.png,https://nookipedia.com/wiki/Astrid,ffffff,848484
Audie,Audie,Wolf,Peppy,A,Female,August 31,August,31,Virgo,foxtrot,Be the kind of person your future self won't regret having been.,Fitness,Cute,Active,Green,White,K.K. Island,tropical muumuu,NH,NH|PC,1,0,https://dodo.ac/np/images/1/1b/Audie_NH.png,https://dodo.ac/np/images/9/9e/Audie_NH_Villager_Icon.png,https://dodo.ac/np/images/6/66/Audie%27s_Photo_NH_Texture.png,https://nookipedia.com/wiki/Audie,ff791f,fff2bb
Aurora,Aurora,Penguin,Normal,B,Female,January 27,January,27,Aquarius,b-b-baby,Always keep your cool.,Education,Cute,Elegant,Pink,Red,Stale Cupcakes,plover cardigan,DnM,DnM|AC|e+|WW|CF|NL|WA|NH|PC|HHD,1,0,https://dodo.ac/np/images/c/c6/Aurora_NH_Transparent.png,https://dodo.ac/np/images/2/25/Aurora_NH_Villager_Icon.png,https://dodo.ac/np/images/c/ce/Aurora%27s_Photo_NH_Texture.png,https://nookipedia.com/wiki/Aurora,ffffff,848484
Ava,Ava,Chicken,Normal,B,Female,April 28,April,28,Taurus,beaker,"Early to bed, early to rise.",Music,Elegant,Cute,Red,Gray,K.K. Love Song,checkered jumper dress,DnM,DnM|AC|e+|NL|WA|NH|PC|HHD,1,0,https://dodo.ac/np/images/c/cc/Ava_NH.png,https://dodo.ac/np/images/7/73/Ava_NH_Villager_Icon.png,https://dodo.ac/np/images/d/d6/Ava%27s_Photo_NH_Texture.png,https://nookipedia.com/wiki/Ava,e8b010,fffce9
Avery,Avery,Eagle,Cranky,B,Male,February 22,February,22,Pisces,skree-haw,What goes around comes around.,Music,Simple,Gorgeous,Orange,Brown,K.K. Condor,oversized shawl overshirt,DnMe+,e+|CF|NL|WA|NH|PC|HHD,1,0,https://dodo.ac/np/images/d/dd/Avery_NH.png,https://dodo.ac/np/images/e/e2/Avery_NH_Villager_Icon.png,https://dodo.ac/np/images/9/9c/Avery%27s_Photo_NH_Texture.png,https://nookipedia.com/wiki/Avery,c0ab72,fffce9
Axel,Axel,Elephant,Jock,B,Male,March 23,March,23,Aries,WHONK,Do not compare a fly with an elephant.,Fitness,Active,Simple,Green,White,K.K. Dixie,kanji tee,DnM,DnM|AC|e+|CF|NL|WA|NH|PC|HHD,1,0,https://dodo.ac/np/images/0/09/Axel_NH.png,https://dodo.ac/np/images/9/93/Axel_NH_Villager_Icon.png,https://dodo.ac/np/images/e/e3/Axel%27s_Photo_NH_Texture.png,https://nookipedia.com/wiki/Axel,459aba,fffce9
Azalea,Azalea,Rhinoceros,Snooty,B,Female,December 18,December,18,Sagittarius,merci,"Colorful petals, deep roots.",Nature,Elegant,Gorgeous,Purple,Pink,K.K. Lovers,sleeveless tunic,DnMe+,e+|NH|PC,1,0,https://dodo.ac/np/images/e/ef/Azalea_amiibo.png,https://dodo.ac/np/images/d/d4/Azalea_NH_Villager_Icon.png,https://dodo.ac/np/images/0/0e/Azalea%27s_Photo_NH_Texture.png,https://nookipedia.com/wiki/Azalea,00d1bd,fffce9
Aziz,Aziz,Lion,Jock,,Male,,,,Pisces,RAWR,,,,,,,,Anju's shirt,DnM,DnM|AC|e+,0,0,https://dodo.ac/np/images/1/17/Aziz_PG.png,,,https://nookipedia.com/wiki/Aziz,,
Baabara,Baabara,Sheep,Snooty,B,Female,March 28,March,28,Aries,daahling,Don't just follow the flock.,Fashion,Gorgeous,Elegant,Purple,Blue,K.K. Cruisin',zigzag-print dress,DnM,DnM|AC|e+|WW|CF|NL|WA|NH|PC|HHD,1,0,https://dodo.ac/np/images/8/81/Baabara_NH_Transparent.png,https://dodo.ac/np/images/4/4c/Baabara_NH_Villager_Icon.png,https://dodo.ac/np/images/8/80/Baabara%27s_Photo_NH_Texture.png,https://nookipedia.com/wiki/Baabara,8bcdea,fffad4
Bam,Bam,Deer,Jock,A,Male,November 7,November,7,Scorpio,kablang,Get while the getting's good.,Play,Active,Simple,Green,Brown,K.K. Blues,athletic jacket,NL,NL|WA|NH|PC|HHD,1,0,https://dodo.ac/np/images/2/2b/Bam_NH.png,https://dodo.ac/np/images/f/fd/Bam_NH_Villager_Icon.png,https://dodo.ac/np/images/e/ec/Bam%27s_Photo_NH_Texture.png,https://nookipedia.com/wiki/Bam,0961f6,fffce9
Bangle,Bangle,Tiger,Peppy,B,Female,August 27,August,27,Virgo,growf,Don't blink or you'll miss it.,Fashion,Gorgeous,Cute,Yellow,Green,K.K. Soul,tropical muumuu,DnM,DnM|AC|e+|NL|WA|NH|PC|HHD,1,0,https://dodo.ac/np/images/6/68/Bangle_NH.png,https://dodo.ac/np/images/e/ec/Bangle_NH_Villager_Icon.png,https://dodo.ac/np/images/3/34/Bangle%27s_Photo_NH_Texture.png,https://nookipedia.com/wiki/Bangle,7a2500,fffce9
Barold,Barold,Bear cub,Lazy,A,Male,March 2,March,2,Pisces,cubby,Please DO feed the bears!,Play,Simple,Cool,Yellow,Black,K.K. Song,animal-stripes tee,NL,NL|WA|NH|PC|HHD,1,0,https://dodo.ac/np/images/9/9d/Barold_NH.png,https://dodo.ac/np/images/b/b5/Barold_NH_Villager_Icon.png,https://dodo.ac/np/images/5/57/Barold%27s_Photo_NH_Texture.png,https://nookipedia.com/wiki/Barold,bfbfbf,5e5e5e
Bea,Bea,Dog,Normal,A,Female,October 15,October,15,Libra,bingo,The perfect pair complements each other.,Nature,Simple,Cool,Aqua,Green,Drivin',striped maxi dress,DnM,DnM|AC|e+|WA|NH|PC,1,0,https://dodo.ac/np/images/c/c2/Bea_NH.png,https://dodo.ac/np/images/f/f6/Bea_NH_Villager_Icon.png,https://dodo.ac/np/images/c/c1/Bea%27s_Photo_NH_Texture.png,https://nookipedia.com/wiki/Bea,a87850,fffce9
Beardo,Beardo,Bear,Smug,A,Male,September 27,September,27,Libra,whiskers,Fashion first!,Education,Elegant,,Brown,Blue,K.K. Milonga,tweed jacket,NL,NL|WA|NH|PC|HHD,1,0,https://dodo.ac/np/images/c/c0/Beardo_NH.png,https://dodo.ac/np/images/8/89/Beardo_NH_Villager_Icon.png,https://dodo.ac/np/images/4/46/Beardo%27s_Photo_NH_Texture.png,https://nookipedia.com/wiki/Beardo,3fd8e0,fffce9
Beau,Beau,Deer,Lazy,A,Male,April 5,April,5,Aries,saltlick,"You snooze, you lose.",Nature,Simple,Cute,Beige,Orange,Mountain Song,reindeer sweater,NL,NL|WA|NH|PC|HHD,1,0,https://dodo.ac/np/images/d/d4/Beau_NH.png,https://dodo.ac/np/images/d/d3/Beau_NH_Villager_Icon.png,https://dodo.ac/np/images/8/8f/Beau%27s_Photo_NH_Texture.png,https://nookipedia.com/wiki/Beau,ff791f,fff2bb
Becky,Becky,Chicken,Snooty,B,Female,December 9,December,9,Sagittarius,chicklet,A fool and his Bells are soon parted.,Music,Gorgeous,Elegant,Purple,Pink,K.K. Chorale,Renaissance dress,DnMe+,e+|CF|NL|WA|NH|PC|HHD,1,0,https://dodo.ac/np/images/7/74/Becky_NH.png,https://dodo.ac/np/images/0/0c/Becky_NH_Villager_Icon.png,https://dodo.ac/np/images/4/4f/Becky%27s_Photo_NH_Texture.png,https://nookipedia.com/wiki/Becky,a06fce,fffce9
Bella,Bella,Mouse,Peppy,B,Female,December 28,December,28,Capricorn,eeks,A glamour shot is worth a thousand words.,Music,Cool,Active,Black,Purple,K.K. Metal,tee dress,DnMe+,e+|WW|CF|NL|WA|NH|PC|HHD,1,0,https://dodo.ac/np/images/c/c0/Bella_NH.png,https://dodo.ac/np/images/5/53/Bella_NH_Villager_Icon.png,https://dodo.ac/np/images/6/6b/Bella%27s_Photo_NH_Texture.png,https://nookipedia.com/wiki/Bella,ffffff,848484
Belle,Belle,Cow,Peppy,,Female,,,,Cancer,cuddles,,,,,,,,denim shirt,DnM,DnM|AC|e+,0,0,https://dodo.ac/np/images/c/c1/Belle_PG.png,,,https://nookipedia.com/wiki/Belle,,
Benedict,Benedict,Chicken,Lazy,B,Male,October 10,October,10,Libra,uh-hoo,Don't put all your eggs in one basket.,Play,Simple,,Blue,Purple,I Love You,two-ball tee,DnMe+,e+|WW|CF|NL|WA|NH|PC|HHD,1,0,https://dodo.ac/np/images/3/3a/Benedict_NH.png,https://dodo.ac/np/images/4/40/Benedict_NH_Villager_Icon.png,https://dodo.ac/np/images/a/a9/Benedict%27s_Photo_NH_Texture.png,https://nookipedia.com/wiki/Benedict,ff4040,fffad4
Benjamin,Benjamin,Dog,Lazy,A,Male,August 3,August,3,Leo,alrighty,A good dog deserves a good treat.,Nature,Simple,,Red,White,Mr. K.K.,striped shirt,NL,NL|WA|NH|PC|HHD,1,0,https://dodo.ac/np/images/9/97/Benjamin_NH.png,https://dodo.ac/np/images/5/57/Benjamin_NH_Villager_Icon.png,https://dodo.ac/np/images/9/9e/Benjamin%27s_Photo_NH_Texture.png,https://nookipedia.com/wiki/Benjamin,ffd00d,9b553a
Bertha,Bertha,Hippo,Normal,B,Female,April 25,April,25,Taurus,bloop,The best part of spring is the picnics!,Education,Cute,Elegant,Pink,White,Two Days Ago,pintuck-pleated dress,DnM,DnM|AC|e+|NL|WA|NH|PC|HHD,1,0,https://dodo.ac/np/images/a/a7/Bertha_NH.png,https://dodo.ac/np/images/7/78/Bertha_NH_Villager_Icon.png,https://dodo.ac/np/images/4/48/Bertha%27s_Photo_NH_Texture.png,https://nookipedia.com/wiki/Bertha,00d1bd,fffce9
Bessie,Bessie,Cow,Normal,,Female,,,,Taurus,buttercup,,,,,,,,berry gingham,DnM,DnM|AC|e+,0,0,https://dodo.ac/np/images/1/1f/Bessie_PG.png,,,https://nookipedia.com/wiki/Bessie,,
Bettina,Bettina,Mouse,Normal,B,Female,June 12,June,12,Gemini,eekers,No time like the present!,Education,Simple,Elegant,White,Red,Animal City,chef's outfit,CF,CF|NL|WA|NH|PC|HHD,1,0,https://dodo.ac/np/images/b/bd/Bettina_NH.png,https://dodo.ac/np/images/a/a5/Bettina_NH_Villager_Icon.png,https://dodo.ac/np/images/0/0c/Bettina%27s_Photo_NH_Texture.png,https://nookipedia.com/wiki/Bettina,ff791f,fff2bb
Betty,Betty,Chicken,Normal,,Female,,,,Gemini,cluckling,,,,,,,,comfy sweater,DnM,DnM|AC|e+,0,0,https://dodo.ac/np/images/c/ce/Betty_PG.png,,,https://nookipedia.com/wiki/Betty,,
Bianca,Bianca,Tiger,Peppy,A,Female,December 13,December,13,Sagittarius,glimmer,There is such a thing as love at first sight.,Play,Cute,,Pink,Orange,K.K. House,front-tie button-down shirt,NL,NL|WA|NH|PC|HHD,1,0,https://dodo.ac/np/images/6/6f/Bianca_NH.png,https://dodo.ac/np/images/a/ab/Bianca_NH_Villager_Icon.png,https://dodo.ac/np/images/7/79/Bianca%27s_Photo_NH_Texture.png,https://nookipedia.com/wiki/Bianca,ffffff,848484
Biff,Biff,Hippo,Jock,B,Male,March 29,March,29,Aries,squirt,Eighth place is just the seventh loser.,Fitness,Gorgeous,Active,Black,Blue,The K. Funk,gold-print tee,DnM,DnM|AC|e+|NL|WA|NH|PC|HHD,1,0,https://dodo.ac/np/images/9/9c/Biff_NH.png,https://dodo.ac/np/images/0/07/Biff_NH_Villager_Icon.png,https://dodo.ac/np/images/6/6e/Biff%27s_Photo_NH_Texture.png,https://nookipedia.com/wiki/Biff,7a2500,fffce9
Big_Top,Big Top,Elephant,Lazy,B,Male,October 3,October,3,Libra,villain,A big nose never spoiled a handsome face.,Play,Simple,Active,Green,,Go K.K. Rider,No. 3 shirt,DnMe+,e+|WW|CF|NL|WA|NH|PC|HHD,1,0,https://dodo.ac/np/images/8/80/Big_Top_NH.png,https://dodo.ac/np/images/4/4a/Big_Top_NH_Villager_Icon.png,https://dodo.ac/np/images/4/47/Big_Top%27s_Photo_NH_Texture.png,https://nookipedia.com/wiki/Big_Top,78dd62,28665a
Bill,Bill,Duck,Jock,A,Male,February 1,February,1,Aquarius,quacko,"Even though there's no 'I' in team, there is a 'me'!",Play,Active,,Blue,Purple,Imperial K.K.,basketball tank,DnM,DnM|AC|e+|WW|CF|NL|WA|NH|PC|HHD,1,0,https://dodo.ac/np/images/c/c1/Bill_NH.png,https://dodo.ac/np/images/0/0e/Bill_NH_Villager_Icon.png,https://dodo.ac/np/images/1/11/Bill%27s_Photo_NH_Texture.png,https://nookipedia.com/wiki/Bill,7a2500,fffce9
Billy,Billy,Goat,Jock,A,Male,March 25,March,25,Aries,dagnaabit,Old dogs can learn new tricks.,Play,Simple,Active,Blue,Purple,K.K. Song,hanten jacket,DnM,DnM|AC|e+|WA|NH|PC,1,0,https://dodo.ac/np/images/2/26/Billy_NH.png,https://dodo.ac/np/images/d/d1/Billy_NH_Villager_Icon.png,https://dodo.ac/np/images/7/72/Billy%27s_Photo_NH_Texture.png,https://nookipedia.com/wiki/Billy,d86808,fffce9
Biskit,Biskit,Dog,Lazy,B,Male,May 13,May,13,Taurus,dawg,Let sleeping dogs lie.,Play,Gorgeous,Simple,Purple,Colorful,K.K. Mambo,meme shirt,DnM,DnM|AC|e+|WW|CF|NL|WA|NH|PC|HHD,1,0,https://dodo.ac/np/images/7/78/Biskit_NH.png,https://dodo.ac/np/images/2/25/Biskit_NH_Villager_Icon.png,https://dodo.ac/np/images/e/e2/Biskit%27s_Photo_NH_Texture.png,https://nookipedia.com/wiki/Biskit,ffaa3b,874c25
Bitty,Bitty,Hippo,Snooty,A,Female,October 6,October,6,Libra,my dear,Necessity is the mother of all invention.,Education,Cute,Elegant,Pink,Orange,K.K. Disco,frilly dress,DnM,DnM|AC|e+|WA|NH|PC,1,0,https://dodo.ac/np/images/7/74/Bitty_NH.png,https://dodo.ac/np/images/4/43/Bitty_NH_Villager_Icon.png,https://dodo.ac/np/images/9/9a/Bitty%27s_Photo_NH_Texture.png,https://nookipedia.com/wiki/Bitty,f993ce,fffce9
Blaire,Blaire,Squirrel,Snooty,B,Female,July 3,July,3,Cancer,nutlet,Practice makes perfect.,Fashion,Gorgeous,Elegant,Orange,Brown,K.K. Bossa,layered tank dress,DnM,DnM|AC|e+|WW|CF|NL|WA|NH|PC|HHD,1,0,https://dodo.ac/np/images/7/73/Blaire_NH.png,https://dodo.ac/np/images/a/ac/Blaire_NH_Villager_Icon.png,https://dodo.ac/np/images/9/9c/Blaire%27s_Photo_NH_Texture.png,https://nookipedia.com/wiki/Blaire,515151,fffce9
Blanche,Blanche,Ostrich,Snooty,A,Female,December 21,December,21,Sagittarius,quite so,Nothing beats personal experience.,Nature,Elegant,Gorgeous,Black,Brown,K.K. Jongara,butterfly visiting kimono,NL,NL|WA|NH|PC|HHD,1,0,https://dodo.ac/np/images/d/df/Blanche_NH.png,https://dodo.ac/np/images/2/28/Blanche_NH_Villager_Icon.png,https://dodo.ac/np/images/6/60/Blanche%27s_Photo_NH_Texture.png,https://nookipedia.com/wiki/Blanche,ffffff,848484
Bluebear,Bluebear,Bear cub,Peppy,B,Female,June 24,June,24,Cancer,peach,Candy makes the world go 'round.,Fashion,Cute,Simple,White,Blue,Only Me,Aran-knit sweater,DnM,DnM|AC|e+|WW|CF|NL|WA|NH|PC|HHD,1,0,https://dodo.ac/np/images/4/49/Bluebear_NH.png,https://dodo.ac/np/images/5/52/Bluebear_NH_Villager_Icon.png,https://dodo.ac/np/images/1/1c/Bluebear%27s_Photo_NH_Texture.png,https://nookipedia.com/wiki/Bluebear,3fd8e0,fffce9
Bob,Bob,Cat,Lazy,B,Male,January 1,January,1,Capricorn,pthhpth,You only live once...or nine times.,Play,Simple,Cute,Colorful,Red,Neapolitan,blossom tee,DnM,DnM|AC|e+|WW|CF|NL|WA|NH|PC|HHD,1,0,https://dodo.ac/np/images/e/ea/Bob_NH.png,https://dodo.ac/np/images/f/f4/Bob_NH_Villager_Icon.png,https://dodo.ac/np/images/8/8e/Bob%27s_Photo_NH_Texture.png,https://nookipedia.com/wiki/Bob,a06fce,fffce9
Bonbon,Bonbon,Rabbit,Peppy,A,Female,March 3,March,3,Pisces,deelish,Hindsight is always 20/20.,Play,Cute,Elegant,Aqua,Yellow,Bubblegum K.K.,sleeveless tunic,NL,NL|WA|NH|PC|HHD,1,0,https://dodo.ac/np/images/c/cc/Bonbon_NH.png,https://dodo.ac/np/images/3/3a/Bonbon_NH_Villager_Icon.png,https://dodo.ac/np/images/9/9d/Bonbon%27s_Photo_NH_Texture.png,https://nookipedia.com/wiki/Bonbon,7c6559,eac113
Bones,Bones,Dog,Lazy,B,Male,August 4,August,4,Leo,yip yip,A snack a day keeps the vacuum away.,Play,Simple,Cute,Beige,Brown,K.K. Étude,printed fleece sweater,DnM,DnM|AC|e+|WW|CF|NL|WA|NH|PC|HHD,1,0,https://dodo.ac/np/images/2/2b/Bones_NH.png,https://dodo.ac/np/images/4/41/Bones_NH_Villager_Icon.png,https://dodo.ac/np/images/2/21/Bones%27s_Photo_NH_Texture.png,https://nookipedia.com/wiki/Bones,ffffff,848484
Boomer,Boomer,Penguin,Lazy,B,Male,February 7,February,7,Aquarius,human,Flying is believing.,Fitness,Simple,Cool,Brown,Beige,Farewell,flight jacket,DnM+,AC|e+|CF|NL|WA|NH|PC|HHD,1,1,https://dodo.ac/np/images/7/7d/Boomer_NH.png,https://dodo.ac/np/images/5/5e/Boomer_NH_Villager_Icon.png,https://dodo.ac/np/images/a/a7/Boomer%27s_Photo_NH_Texture.png,https://nookipedia.com/wiki/Boomer,798040,fffad4
Boone,Boone,Gorilla,Jock,B,Male,September 12,September,12,Virgo,baboom,Never settle for second best.,Fitness,Elegant,Cool,Colorful,Red,Mountain Song,cycling shirt,WW,WW|CF|NL|WA|NH|PC|HHD,1,0,https://dodo.ac/np/images/1/19/Boone_NH.png,https://dodo.ac/np/images/7/7e/Boone_NH_Villager_Icon.png,https://dodo.ac/np/images/2/24/Boone%27s_Photo_NH_Texture.png,https://nookipedia.com/wiki/Boone,ffaa3b,874c25
Boots,Boots,Alligator,Jock,A,Male,August 7,August,7,Leo,munchie,Strength lies in muscles.,Play,Gorgeous,Active,Colorful,Purple,Wandering,jester costume,DnM,DnM|AC|e+|WA|NH|PC,1,0,https://dodo.ac/np/images/3/3e/Boots_NH.png,https://dodo.ac/np/images/5/56/Boots_NH_Villager_Icon.png,https://dodo.ac/np/images/8/81/Boots%27s_Photo_NH_Texture.png,https://nookipedia.com/wiki/Boots,0ca54a,fffce9
Boris,Boris,Pig,Cranky,A,Male,November 6,November,6,Scorpio,schnort,Life's short. Eat chocolate.,Nature,Cool,Gorgeous,Purple,Black,K.K. Oasis,desert outfit,DnM,DnM|AC|e+|WA|NH|PC,1,0,https://dodo.ac/np/images/e/ef/Boris_NH.png,https://dodo.ac/np/images/c/cc/Boris_NH_Villager_Icon.png,https://dodo.ac/np/images/7/71/Boris%27s_Photo_NH_Texture.png,https://nookipedia.com/wiki/Boris,194c89,fffad4
Bow,Bow,Dog,Lazy,,Male,,,,Leo,バウ,,,,,,,,houndstooth knit,DnMe+,e+,0,0,https://dodo.ac/np/images/a/ae/Bow_DnMe%2B.png,,,https://nookipedia.com/wiki/Bow,,
Boyd,Boyd,Gorilla,Cranky,A,Male,October 1,October,1,Libra,uh-oh,There's always time to take a second look.,Fitness,Simple,Cool,Red,Black,K.K. Groove,three-ball tee,DnMe+,e+|WA|NH|PC,1,0,https://dodo.ac/np/images/2/21/Boyd_NH.png,https://dodo.ac/np/images/5/5b/Boyd_NH_Villager_Icon.png,https://dodo.ac/np/images/2/24/Boyd%27s_Photo_NH_Texture.png,https://nookipedia.com/wiki/Boyd,7a2500,fffce9
Bree,Bree,Mouse,Snooty,B,Female,July 7,July,7,Cancer,cheeseball,The gift says more about the giver.,Fashion,Elegant,Gorgeous,Black,Blue,K.K. Bossa,sweetheart dress,DnMe+,e+|WW|CF|NL|WA|NH|PC|HHD,1,0,https://dodo.ac/np/images/1/12/Bree_NH.png,https://dodo.ac/np/images/2/2d/Bree_NH_Villager_Icon.png,https://dodo.ac/np/images/b/bd/Bree%27s_Photo_NH_Texture.png,https://nookipedia.com/wiki/Bree,ffffff,848484
Broccolo,Broccolo,Mouse,Lazy,B,Male,June 30,June,30,Cancer,eat it,One nap leads to another.,Play,Simple,Cute,Colorful,Yellow,I Love You,raglan shirt,DnMe+,e+|CF|NL|WA|NH|PC|HHD,1,0,https://dodo.ac/np/images/6/69/Broccolo_NH.png,https://dodo.ac/np/images/b/b9/Broccolo_NH_Villager_Icon.png,https://dodo.ac/np/images/7/73/Broccolo%27s_Photo_NH_Texture.png,https://nookipedia.com/wiki/Broccolo,55cfff,fffce9
Broffina,Broffina,Chicken,Snooty,A,Female,October 24,October,24,Scorpio,cluckadoo,Don't peck the hand that feeds you.,Music,Gorgeous,Elegant,Black,Red,K.K. Flamenco,rumba dress,NL,NL|WA|NH|PC|HHD,1,0,https://dodo.ac/np/images/7/7a/Broffina_NH.png,https://dodo.ac/np/images/e/eb/Broffina_NH_Villager_Icon.png,https://dodo.ac/np/images/2/25/Broffina%27s_Photo_NH_Texture.png,https://nookipedia.com/wiki/Broffina,ff791f,fff2bb
Bruce,Bruce,Deer,Cranky,A,Male,May 26,May,26,Gemini,gruff,Nobody's perfect.,Nature,Cool,Simple,Black,Red,K.K. Blues,after-school jacket,NL,NL|WA|NH|PC|HHD,1,0,https://dodo.ac/np/images/0/08/Bruce_NH.png,https://dodo.ac/np/images/9/9b/Bruce_NH_Villager_Icon.png,https://dodo.ac/np/images/0/0e/Bruce%27s_Photo_NH_Texture.png,https://nookipedia.com/wiki/Bruce,459aba,fffce9
Bubbles,Bubbles,Hippo,Peppy,B,Female,September 18,September,18,Virgo,hipster,It's best to keep your lips and purse sealed.,Fashion,Active,Cute,Purple,Pink,K.K. Stroll,grape dress,DnM,DnM|AC|e+|NL|WA|NH|PC|HHD,1,0,https://dodo.ac/np/images/0/0e/Bubbles_NH.png,https://dodo.ac/np/images/1/1d/Bubbles_NH_Villager_Icon.png,https://dodo.ac/np/images/6/6b/Bubbles%27s_Photo_NH_Texture.png,https://nookipedia.com/wiki/Bubbles,e8b010,fffce9
Buck,Buck,Horse,Jock,B,Male,April 4,April,4,Aries,pardner,Keep your eyes on the prize.,Fitness,Active,Simple,Gray,Brown,My Place,sweatshirt,DnM,DnM|AC|e+|WW|CF|NL|WA|NH|PC|HHD,1,0,https://dodo.ac/np/images/7/7f/Buck_NH.png,https://dodo.ac/np/images/1/1f/Buck_NH_Villager_Icon.png,https://dodo.ac/np/images/c/c6/Buck%27s_Photo_NH_Texture.png,https://nookipedia.com/wiki/Buck,798040,fffad4
Bud,Bud,Lion,Jock,B,Male,August 8,August,8,Leo,shredded,You're not living unless you're sweating!,Fitness,Active,Simple,Green,Yellow,Aloha K.K.,pineapple aloha shirt,DnM+,AC|e+|WW|CF|NL|WA|NH|PC|HHD,1,1,https://dodo.ac/np/images/1/1f/Bud_NH.png,https://dodo.ac/np/images/3/34/Bud_NH_Villager_Icon.png,https://dodo.ac/np/images/c/ce/Bud%27s_Photo_NH_Texture.png,https://nookipedia.com/wiki/Bud,d86808,fffce9
Bunnie,Bunnie,Rabbit,Peppy,B,Female,May 9,May,9,Taurus,tee-hee,"Hare today, gone tomorrow.",Fashion,Cute,,Green,Pink,Forest Life,lively plaid dress,DnM,DnM|AC|e+|WW|CF|NL|WA|NH|PC|HHD,1,0,https://dodo.ac/np/images/0/00/Bunnie_NH_Transparent.png,https://dodo.ac/np/images/f/f5/Bunnie_NH_Villager_Icon.png,https://dodo.ac/np/images/f/f9/Bunnie%27s_Photo_NH_Texture.png,https://nookipedia.com/wiki/Bunnie,ff791f,fff2bb
Butch,Butch,Dog,Cranky,B,Male,November 1,November,1,Scorpio,ROOOOOWF,A house without either a cat or a dog is a sad house indeed.,Music,Cool,Simple,Blue,Gray,K.K. Western,argyle vest,DnM,DnM|AC|e+|WW|CF|NL|WA|NH|PC|HHD,1,0,https://dodo.ac/np/images/2/2b/Butch_NH.png,https://dodo.ac/np/images/5/52/Butch_NH_Villager_Icon.png,https://dodo.ac/np/images/8/85/Butch%27s_Photo_NH_Texture.png,https://nookipedia.com/wiki/Butch,ffaa3b,874c25
Buzz,Buzz,Eagle,Cranky,A,Male,December 7,December,7,Sagittarius,captain,Pride'll put you in a pickle.,Nature,Simple,Active,Yellow,Red,Drivin',nine-ball tee,DnM,DnM|AC|e+|WA|NH|PC,1,0,https://dodo.ac/np/images/0/05/Buzz_NH.png,https://dodo.ac/np/images/e/e5/Buzz_NH_Villager_Icon.png,https://dodo.ac/np/images/7/71/Buzz%27s_Photo_NH_Texture.png,https://nookipedia.com/wiki/Buzz,d86808,fffce9
Cally,Cally,Squirrel,Normal,B,Female,September 4,September,4,Virgo,WHEE,It's always teatime somewhere.,Nature,Cute,Elegant,Red,Green,K.K. Stroll,fairy-tale dress,DnM,DnM|AC|e+|NL|WA|NH|PC|HHD,1,0,https://dodo.ac/np/images/a/a6/Cally_NH.png,https://dodo.ac/np/images/c/c0/Cally_NH_Villager_Icon.png,https://dodo.ac/np/images/d/d5/Cally%27s_Photo_NH_Texture.png,https://nookipedia.com/wiki/Cally,c0ab72,fffce9
Camofrog,Camofrog,Frog,Cranky,B,Male,June 5,June,5,Gemini,ten-hut,What you can't see can't hurt you.,Music,Cool,Active,Blue,White,K.K. Safari,MVP tee,DnM,DnM|AC|e+|WW|CF|NL|WA|NH|PC|HHD,1,0,https://dodo.ac/np/images/e/e1/Camofrog_NH.png,https://dodo.ac/np/images/f/ff/Camofrog_NH_Villager_Icon.png,https://dodo.ac/np/images/9/9f/Camofrog%27s_Photo_NH_Texture.png,https://nookipedia.com/wiki/Camofrog,76b788,fffce9
Canberra,Canberra,Koala,Big sister,A,Female,May 14,May,14,Taurus,nuh uh,It's never too late to start over.,Play,Active,Cool,Green,Aqua,K.K. Island,striped tank,NL,NL|WA|NH|PC|HHD,1,0,https://dodo.ac/np/images/e/e6/Canberra_NH.png,https://dodo.ac/np/images/6/62/Canberra_NH_Villager_Icon.png,https://dodo.ac/np/images/9/95/Canberra%27s_Photo_NH_Texture.png,https://nookipedia.com/wiki/Canberra,ff791f,fff2bb
Candi,Candi,Mouse,Peppy,A,Female,April 13,April,13,Aries,sweetie,"The players may change, but the music stays the same.",Play,Simple,Cute,Aqua,Yellow,Neapolitan,Bohemian tunic dress,DnM,DnM|AC|e+|WA|NH|PC,1,0,https://dodo.ac/np/images/5/57/Candi_NH.png,https://dodo.ac/np/images/6/6e/Candi_NH_Villager_Icon.png,https://dodo.ac/np/images/a/a4/Candi%27s_Photo_NH_Texture.png,https://nookipedia.com/wiki/Candi,ff6183,fffce9
Carmen,Carmen,Rabbit,Peppy,B,Female,January 6,January,6,Capricorn,nougat,Absence makes the heart grow fonder.,Fashion,Elegant,Cute,Green,Beige,K.K. Stroll,plaid-print dress,CF,CF|NL|WA|NH|PC|HHD,1,0,https://dodo.ac/np/images/e/eb/Carmen_NH.png,https://dodo.ac/np/images/0/08/Carmen_NH_Villager_Icon.png,https://dodo.ac/np/images/b/bc/Carmen%27s_Photo_NH_Texture.png,https://nookipedia.com/wiki/Carmen,7a2500,fffce9
Carmen_(mouse),Carmen,Mouse,Snooty,,Female,,,,Aries,bumpkin,,,,,,,,ribbon shirt,DnM,DnM|AC|e+,0,0,https://dodo.ac/np/images/f/fd/Carmen_PG.png,,,https://nookipedia.com/wiki/Carmen_(mouse),,
Caroline,Caroline,Squirrel,Normal,B,Female,July 15,July,15,Cancer,hulaaaa,New brooms sweep clean.,Music,Cute,Gorgeous,Colorful,White,Pondering,striped maxi dress,DnM+,AC|e+|WW|CF|NL|WA|NH|PC|HHD,1,1,https://dodo.ac/np/images/2/26/Caroline_NH.png,https://dodo.ac/np/images/d/d8/Caroline_NH_Villager_Icon.png,https://dodo.ac/np/images/0/00/Caroline%27s_Photo_NH_Texture.png,https://nookipedia.com/wiki/Caroline,ff791f,fff2bb
Carrie,Carrie,Kangaroo,Normal,A,Female,December 5,December,5,Sagittarius,little one,A mother's work is never done.,Nature,Cute,,Red,Colorful,I Love You,simple-dots dress,DnM,DnM|AC|e+|WA|NH|PC|HHD,1,0,https://dodo.ac/np/images/6/6a/Carrie_NH.png,https://dodo.ac/np/images/8/88/Carrie_NH_Villager_Icon.png,https://dodo.ac/np/images/e/e5/Carrie%27s_Photo_NH_Texture.png,https://nookipedia.com/wiki/Carrie,e8b010,fffce9
Carrot,Carrot,Cow,Normal,,Female,,,,Gemini,きゃはっ,,,,,,,,tropical shirt,DnMe+,e+,0,0,https://dodo.ac/np/images/e/e2/Carrot_DnMe%2B.png,,,https://nookipedia.com/wiki/Carrot,,
Cashmere,Cashmere,Sheep,Snooty,A,Female,April 2,April,2,Aries,baaaby,100% Wool.,Fashion,Gorgeous,Elegant,Purple,Beige,Farewell,sleeveless tunic,DnM,DnM|AC|e+|WA|NH|PC,1,0,https://dodo.ac/np/images/e/eb/Cashmere_NH.png,https://dodo.ac/np/images/5/5f/Cashmere_NH_Villager_Icon.png,https://dodo.ac/np/images/3/37/Cashmere%27s_Photo_NH_Texture.png,https://nookipedia.com/wiki/Cashmere,bff2ff,85a2af
Cece,Cece,Squirrel,Peppy,A,Female,May 28,May,28,Gemini,drip ink,Too heads are better than one!,Play,Cool,Elegant,Blue,Black,K.K. Rally,Shiver top,NLWa,WA|NH,1,0,https://dodo.ac/np/images/9/91/Cece_NH.png,https://dodo.ac/np/images/a/af/Cece_NH_Villager_Icon.png,https://dodo.ac/np/images/e/ec/Cece%27s_Photo_NH_Texture.png,https://nookipedia.com/wiki/Cece,4848d5,ffd9d9
Celia,Celia,Eagle,Normal,A,Female,March 25,March,25,Aries,feathers,It's the thought that counts.,Nature,Elegant,Cute,Pink,Green,K.K. Soul,alpinist dress,NL,NL|WA|NH|PC|HHD,1,0,https://dodo.ac/np/images/0/00/Celia_NH.png,https://dodo.ac/np/images/b/b2/Celia_NH_Villager_Icon.png,https://dodo.ac/np/images/2/2c/Celia%27s_Photo_NH_Texture.png,https://nookipedia.com/wiki/Celia,ffffff,848484
Cephalobot,Cephalobot,Octopus,Smug,B,Male,April 1,April,1,Aries,donk donk,Take me to your pizza.,Play,Simple,Active,Black,White,K.K. Robot Synth,retro sweater,NH,NH|PC,1,0,https://dodo.ac/np/images/b/b5/Cephalobot_amiibo.png,https://dodo.ac/np/images/c/c3/Cephalobot_NH_Villager_Icon.png,https://dodo.ac/np/images/b/b3/Cephalobot%27s_Photo_NH_Texture.png,https://nookipedia.com/wiki/Cephalobot,bfbfbf,5e5e5e
Cesar,Cesar,Gorilla,Cranky,B,Male,September 6,September,6,Virgo,highness,"As soon as you can grow a mustache, do it.",Fitness,Cool,Elegant,Blue,Aqua,K.K. Cruisin',A tee,DnM,DnM|AC|e+|WW|CF|NL|WA|NH|PC|HHD|Film,1,0,https://dodo.ac/np/images/2/23/Cesar_NH.png,https://dodo.ac/np/images/2/20/Cesar_NH_Villager_Icon.png,https://dodo.ac/np/images/b/bd/Cesar%27s_Photo_NH_Texture.png,https://nookipedia.com/wiki/Cesar,ff791f,fff2bb
Chabwick,Chabwick,Penguin,Lazy,A,Male,December 24,December,24,Capricorn,blargh,"Live, laugh, lasagna.",Play,Cute,Active,Yellow,Gray,K.K. Dub,nine-ball tee,DnMe+,e+|NH|PC,1,0,https://dodo.ac/np/images/6/60/Chabwick_amiibo.png,https://dodo.ac/np/images/0/0d/Chabwick_NH_Villager_Icon.png,https://dodo.ac/np/images/d/d2/Chabwick%27s_Photo_NH_Texture.png,https://nookipedia.com/wiki/Chabwick,194c89,fffad4
Chadder,Chadder,Mouse,Smug,A,Male,December 15,December,15,Sagittarius,fromage,Meeting is just the start of us saying goodbye.,Fitness,Elegant,Gorgeous,Black,Gray,K.K. Soul,tailcoat,NL,NL|WA|NH|PC|HHD,1,0,https://dodo.ac/np/images/3/32/Chadder_NH.png,https://dodo.ac/np/images/e/ef/Chadder_NH_Villager_Icon.png,https://dodo.ac/np/images/c/c0/Chadder%27s_Photo_NH_Texture.png,https://nookipedia.com/wiki/Chadder,ffd00d,9b553a
Chai,Chai,Elephant,Peppy,A,Female,March 6,March,6,Pisces,flap flap,He who chases two rabbits catches none.,Play,Cute,Elegant,Blue,Aqua,K.K. Bossa,Cinnamoroll puffy blouse,NLWa,WA|NH|PC,1,0,https://dodo.ac/np/images/a/ab/Chai_PC.png,https://dodo.ac/np/images/a/ac/Chai_NH_Villager_Icon.png,https://dodo.ac/np/images/5/51/Chai%27s_Photo_NH_Texture.png,https://nookipedia.com/wiki/Chai,cefdff,52b8ec
Champ,Champ,Monkey,Jock,,Male,June 4,June,4,Gemini,choo CHOO,You'll never get THIS monkey off your back!,,,,,,,paw shirt,WW,WW|CF|Film,0,0,https://dodo.ac/np/images/8/81/Champ_CF.png,,,https://nookipedia.com/wiki/Champ,,
Charlise,Charlise,Bear,Big sister,B,Female,April 17,April,17,Aries,urgh,Actions speak louder than words.,Fitness,Active,Cute,Red,Orange,Mr. K.K.,athletic jacket,DnMe+,e+|NL|WA|NH|PC|HHD,1,1,https://dodo.ac/np/images/a/ac/Charlise_NH.png,https://dodo.ac/np/images/a/aa/Charlise_NH_Villager_Icon.png,https://dodo.ac/np/images/1/14/Charlise%27s_Photo_NH_Texture.png,https://nookipedia.com/wiki/Charlise,78dd62,28665a
Chelsea,Chelsea,Deer,Normal,A,Female,January 18,January,18,Capricorn,pound cake,Always look a gift horse in the mouth.,Play,Cute,Gorgeous,Pink,White,K.K. Stroll,My Melody shirt,NLWa,WA|NH|PC,1,0,https://dodo.ac/np/images/9/97/Chelsea_PC.png,https://dodo.ac/np/images/4/40/Chelsea_NH_Villager_Icon.png,https://dodo.ac/np/images/0/04/Chelsea%27s_Photo_NH_Texture.png,https://nookipedia.com/wiki/Chelsea,feaaaa,fff9f9
Cheri,Cheri,Bear cub,Peppy,B,Female,March 17,March,17,Pisces,tralala,Good things come in small packages.,Fashion,Simple,Cute,Yellow,Aqua,K.K. Disco,zigzag-print dress,DnM+,AC|e+|NL|WA|NH|PC|HHD,1,0,https://dodo.ac/np/images/d/d5/Cheri_NH.png,https://dodo.ac/np/images/9/96/Cheri_NH_Villager_Icon.png,https://dodo.ac/np/images/8/85/Cheri%27s_Photo_NH_Texture.png,https://nookipedia.com/wiki/Cheri,db6161,fffce9
Cherry,Cherry,Dog,Big sister,A,Female,May 11,May,11,Taurus,what what,"One dog barks at something, the rest bark at him.",Music,Cool,Elegant,Black,Purple,K.K. D&amp;B,spider-web tee,NL,NL|WA|NH|PC|HHD,1,0,https://dodo.ac/np/images/3/3e/Cherry_NH.png,https://dodo.ac/np/images/7/73/Cherry_NH_Villager_Icon.png,https://dodo.ac/np/images/b/bc/Cherry%27s_Photo_NH_Texture.png,https://nookipedia.com/wiki/Cherry,ff6183,fffce9
Chester,Chester,Bear cub,Lazy,B,Male,August 6,August,6,Leo,rookie,Sleep early. Wake late.,Play,Simple,,Yellow,Green,Imperial K.K.,dragon suit,CF,CF|NL|WA|NH|PC|HHD,1,0,https://dodo.ac/np/images/a/af/Chester_NH.png,https://dodo.ac/np/images/c/cd/Chester_NH_Villager_Icon.png,https://dodo.ac/np/images/c/c7/Chester%27s_Photo_NH_Texture.png,https://nookipedia.com/wiki/Chester,ffffff,848484
Chevre,Chevre,Goat,Normal,B,Female,March 6,March,6,Pisces,la baa,"If you're gonna dream, dream big.",Education,Cute,Elegant,Red,Pink,K.K. Chorale,poncho coat,DnM,DnM|AC|e+|WW|CF|NL|WA|NH|PC|HHD,1,0,https://dodo.ac/np/images/c/c9/Chevre_NH.png,https://dodo.ac/np/images/d/db/Chevre_NH_Villager_Icon.png,https://dodo.ac/np/images/e/ea/Chevre%27s_Photo_NH_Texture.png,https://nookipedia.com/wiki/Chevre,ffffff,848484
Chico,Chico,Mouse,Lazy,,Male,,,,Capricorn,cheeeese,,,,,,,,blue check print,DnM,DnM|AC|e+,0,0,https://dodo.ac/np/images/2/2e/Chico_PG.png,,,https://nookipedia.com/wiki/Chico,,
Chief,Chief,Wolf,Cranky,B,Male,December 19,December,19,Sagittarius,harrumph,Don't wish it were easier; wish you were better.,Music,Cool,Simple,White,Gray,Rockin' K.K.,sweater on shirt,DnM,DnM|AC|e+|WW|CF|NL|WA|NH|PC|HHD,1,0,https://dodo.ac/np/images/1/13/Chief_NH.png,https://dodo.ac/np/images/e/e6/Chief_NH_Villager_Icon.png,https://dodo.ac/np/images/0/08/Chief%27s_Photo_NH_Texture.png,https://nookipedia.com/wiki/Chief,ffaa3b,874c25
Chops,Chops,Pig,Smug,A,Male,October 13,October,13,Libra,zoink,You can't have your cake and eat it too.,Education,Gorgeous,Elegant,Red,Green,K.K. Moody,military uniform,NL,NL|WA|NH|PC|HHD,1,0,https://dodo.ac/np/images/3/32/Chops_NH.png,https://dodo.ac/np/images/f/fd/Chops_NH_Villager_Icon.png,https://dodo.ac/np/images/2/29/Chops%27s_Photo_NH_Texture.png,https://nookipedia.com/wiki/Chops,d8cc39,8b5f57
Chow,Chow,Bear,Cranky,B,Male,July 22,July,22,Cancer,aiya,All good things must come to an end.,Fitness,Cool,Gorgeous,Black,White,Imperial K.K.,gold-print tee,DnM,DnM|AC|e+|WW|CF|NL|WA|NH|PC|HHD,1,0,https://dodo.ac/np/images/d/d1/Chow_NH.png,https://dodo.ac/np/images/b/b5/Chow_NH_Villager_Icon.png,https://dodo.ac/np/images/8/8a/Chow%27s_Photo_NH_Texture.png,https://nookipedia.com/wiki/Chow,f2bdc7,634b4b
Chrissy,Chrissy,Rabbit,Peppy,B,Female,August 28,August,28,Virgo,sparkles,A fool and their Bells are soon parted.,Fashion,Cute,,Pink,White,Bubblegum K.K.,marble-dots dress,DnMe+,e+|CF|NL|WA|NH|PC|HHD,1,0,https://dodo.ac/np/images/6/6a/Chrissy_NH.png,https://dodo.ac/np/images/4/43/Chrissy_NH_Villager_Icon.png,https://dodo.ac/np/images/c/c3/Chrissy%27s_Photo_NH_Texture.png,https://nookipedia.com/wiki/Chrissy,f993ce,fffce9
Chuck,Chuck,Bull,Cranky,,Male,,,,Taurus,jerky,,,,,,,,four-ball shirt,DnM,DnM|AC|e+,0,0,https://dodo.ac/np/images/b/b8/Chuck_PG.png,,,https://nookipedia.com/wiki/Chuck,,
Clara,Clara,Hippo,Normal,,Female,,,,Pisces,うふふ,,,,,,,,yellow bolero,DnMe+,e+,0,0,https://dodo.ac/np/images/6/6a/Clara_DnMe%2B.png,,,https://nookipedia.com/wiki/Clara,,
Claude,Claude,Rabbit,Lazy,A,Male,December 3,December,3,Sagittarius,hopalong,Don't judge a rabbit by its ears.,Nature,Simple,,Black,Colorful,Pondering,marble-dots tee,DnM,DnM|AC|e+|WA|NH|PC|HHD,1,0,https://dodo.ac/np/images/1/1f/Claude_NH.png,https://dodo.ac/np/images/d/d3/Claude_NH_Villager_Icon.png,https://dodo.ac/np/images/1/15/Claude%27s_Photo_NH_Texture.png,https://nookipedia.com/wiki/Claude,d86808,fffce9
Claudia,Claudia,Tiger,Snooty,A,Female,November 22,November,22,Scorpio,ooh la la,A tiger can't change its stripes.,Music,Gorgeous,Elegant,Purple,White,K.K. Synth,lacy dress,NL,NL|WA|NH|PC|HHD,1,0,https://dodo.ac/np/images/d/d6/Claudia_NH.png,https://dodo.ac/np/images/0/0d/Claudia_NH_Villager_Icon.png,https://dodo.ac/np/images/b/bf/Claudia%27s_Photo_NH_Texture.png,https://nookipedia.com/wiki/Claudia,ec7efc,fffce9
Clay,Clay,Hamster,Lazy,A,Male,October 19,October,19,Libra,thump,Life is just a bowl of cherries.,Nature,Elegant,Simple,Beige,Brown,K.K. Safari,poncho-style sweater,NL,NL|WA|NH|PC|HHD,1,0,https://dodo.ac/np/images/6/6c/Clay_NH.png,https://dodo.ac/np/images/2/20/Clay_NH_Villager_Icon.png,https://dodo.ac/np/images/7/71/Clay%27s_Photo_NH_Texture.png,https://nookipedia.com/wiki/Clay,7a2500,fffce9
Cleo,Cleo,Horse,Snooty,A,Female,February 9,February,9,Aquarius,sugar,There's something lovable in all of us.,Education,Cute,Elegant,Aqua,White,K.K. Fusion,floral lace dress,DnM,DnM|AC|e+|WA|NH|PC,1,0,https://dodo.ac/np/images/e/e9/Cleo_NH.png,https://dodo.ac/np/images/4/4a/Cleo_NH_Villager_Icon.png,https://dodo.ac/np/images/f/f9/Cleo%27s_Photo_NH_Texture.png,https://nookipedia.com/wiki/Cleo,a06fce,fffce9
Clyde,Clyde,Horse,Lazy,B,Male,May 1,May,1,Taurus,clip clawp,The grass is always greener.,Play,Simple,Cute,Green,White,Neapolitan,madras plaid shirt,CF,CF|NL|WA|NH|PC|HHD,1,0,https://dodo.ac/np/images/b/bb/Clyde_NH.png,https://dodo.ac/np/images/5/5a/Clyde_NH_Villager_Icon.png,https://dodo.ac/np/images/f/f3/Clyde%27s_Photo_NH_Texture.png,https://nookipedia.com/wiki/Clyde,d8cc39,8b5f57
Coach,Coach,Bull,Jock,A,Male,April 29,April,29,Taurus,stubble,"Fool me once, shame on you. Fool me twice, shame on me.",Fitness,Active,,Blue,Red,Mr. K.K.,relay tank,NL,NL|WA|NH|PC|HHD,1,0,https://dodo.ac/np/images/c/c1/Coach_NH.png,https://dodo.ac/np/images/7/76/Coach_NH_Villager_Icon.png,https://dodo.ac/np/images/8/8d/Coach%27s_Photo_NH_Texture.png,https://nookipedia.com/wiki/Coach,ffd00d,9b553a
Cobb,Cobb,Pig,Jock,B,Male,October 7,October,7,Libra,hot dog,Might makes right.,Education,Simple,Active,White,Blue,Pondering,flannel shirt,DnM,DnM|AC|e+|NL|WA|NH|PC|HHD,1,0,https://dodo.ac/np/images/9/9d/Cobb_NH.png,https://dodo.ac/np/images/c/ce/Cobb_NH_Villager_Icon.png,https://dodo.ac/np/images/1/16/Cobb%27s_Photo_NH_Texture.png,https://nookipedia.com/wiki/Cobb,a8e989,8.78e+88
Coco,Coco,Rabbit,Normal,B,Female,March 1,March,1,Pisces,doyoing,Don't put off till tomorrow what you can do today.,Education,Simple,Cute,Beige,Green,K.K. Jongara,layered tank dress,DnM,DnM|AC|e+|WW|CF|NL|WA|NH|PC|HHD,1,0,https://dodo.ac/np/images/8/83/Coco_NH.png,https://dodo.ac/np/images/c/c2/Coco_NH_Villager_Icon.png,https://dodo.ac/np/images/d/d2/Coco%27s_Photo_NH_Texture.png,https://nookipedia.com/wiki/Coco,e4b887,fffce9
Cole,Cole,Rabbit,Lazy,A,Male,August 10,August,10,Leo,coooooool,Little pitchers have big ears.,Nature,Simple,Cute,Orange,Colorful,K.K. Faire,orange dress,NL,NL|WA|NH|PC|HHD,1,0,https://dodo.ac/np/images/f/f6/Cole_NH.png,https://dodo.ac/np/images/7/79/Cole_NH_Villager_Icon.png,https://dodo.ac/np/images/5/59/Cole%27s_Photo_NH_Texture.png,https://nookipedia.com/wiki/Cole,515151,fffce9
Colton,Colton,Horse,Smug,A,Male,May 22,May,22,Gemini,check it,Make hay while the sun shines.,Nature,Gorgeous,Elegant,Blue,Red,K.K. Chorale,prince's tunic,NL,NL|WA|NH|PC|HHD,1,0,https://dodo.ac/np/images/8/8c/Colton_NH.png,https://dodo.ac/np/images/c/c5/Colton_NH_Villager_Icon.png,https://dodo.ac/np/images/4/4a/Colton%27s_Photo_NH_Texture.png,https://nookipedia.com/wiki/Colton,ffffff,848484
Cookie,Cookie,Dog,Peppy,B,Female,June 18,June,18,Gemini,arfer,Don't lose sight of what you're really after.,Fashion,Cute,,Green,Aqua,Bubblegum K.K.,retro dress,DnM,DnM|AC|e+|CF|NL|WA|NH|PC|HHD,1,0,https://dodo.ac/np/images/d/d9/Cookie_NH.png,https://dodo.ac/np/images/d/d9/Cookie_NH_Villager_Icon.png,https://dodo.ac/np/images/9/94/Cookie%27s_Photo_NH_Texture.png,https://nookipedia.com/wiki/Cookie,f993ce,fffce9
Cousteau,Cousteau,Frog,Jock,B,Male,December 17,December,17,Sagittarius,oui oui,"Jump first, ask questions later.",Fitness,Elegant,Gorgeous,Green,Red,Imperial K.K.,silk shirt,DnM,DnM|AC|e+|CF|NL|WA|NH|PC|HHD,1,0,https://dodo.ac/np/images/1/1c/Cousteau_NH.png,https://dodo.ac/np/images/3/3a/Cousteau_NH_Villager_Icon.png,https://dodo.ac/np/images/0/01/Cousteau%27s_Photo_NH_Texture.png,https://nookipedia.com/wiki/Cousteau,ffd00d,9b553a
Cranston,Cranston,Ostrich,Lazy,A,Male,September 23,September,23,Libra,sweatband,Hard work beats talent.,Nature,Simple,Cool,Beige,Brown,K.K. Faire,oversized shawl overshirt,NL,NL|WA|NH|PC|HHD,1,0,https://dodo.ac/np/images/b/b7/Cranston_NH.png,https://dodo.ac/np/images/8/8a/Cranston_NH_Villager_Icon.png,https://dodo.ac/np/images/3/39/Cranston%27s_Photo_NH_Texture.png,https://nookipedia.com/wiki/Cranston,ffffff,848484
Croque,Croque,Frog,Cranky,A,Male,July 18,July,18,Cancer,as if,"Where there's smoke, there's fire.",Nature,Elegant,Cool,Red,Orange,K.K. Folk,silk shirt,NL,NL|WA|NH|PC|HHD,1,0,https://dodo.ac/np/images/7/70/Croque_NH.png,https://dodo.ac/np/images/7/75/Croque_NH_Villager_Icon.png,https://dodo.ac/np/images/e/eb/Croque%27s_Photo_NH_Texture.png,https://nookipedia.com/wiki/Croque,ff791f,fff2bb
Cube,Cube,Penguin,Lazy,B,Male,January 29,January,29,Aquarius,brainfreeze,Sometimes you gotta learn to chill.,Play,Simple,Cute,Yellow,Colorful,Farewell,simple-dots tee,DnM,DnM|AC|e+|WW|CF|NL|WA|NH|PC|HHD,1,0,https://dodo.ac/np/images/1/10/Cube_NH.png,https://dodo.ac/np/images/b/be/Cube_NH_Villager_Icon.png,https://dodo.ac/np/images/7/73/Cube%27s_Photo_NH_Texture.png,https://nookipedia.com/wiki/Cube,515151,fffce9
Cupcake,Cupcake,Bear cub,Snooty,,Female,,,,Gemini,sugar pie,,,,,,,,dreamy shirt,DnM,DnM|AC|e+,0,0,https://dodo.ac/np/images/c/c9/Cupcake_PG.png,,,https://nookipedia.com/wiki/Cupcake,,
Curlos,Curlos,Sheep,Smug,B,Male,May 8,May,8,Taurus,shearly,"If you want to know yourself better, ask your neighbors.",Nature,Active,Gorgeous,Red,Green,K.K. Salsa,zigzag shirt,DnMe+,e+|NL|WA|NH|PC|HHD,1,1,https://dodo.ac/np/images/3/37/Curlos_NH.png,https://dodo.ac/np/images/d/d0/Curlos_NH_Villager_Icon.png,https://dodo.ac/np/images/c/c6/Curlos%27s_Photo_NH_Texture.png,https://nookipedia.com/wiki/Curlos,ffd00d,9b553a
Curly,Curly,Pig,Jock,B,Male,July 26,July,26,Leo,nyoink,Get fired up!,Fitness,Simple,Active,Yellow,Colorful,K.K. Reggae,energetic sweater,DnM,DnM|AC|e+|WW|CF|NL|WA|NH|PC|HHD,1,0,https://dodo.ac/np/images/3/3d/Curly_NH.png,https://dodo.ac/np/images/a/a3/Curly_NH_Villager_Icon.png,https://dodo.ac/np/images/7/73/Curly%27s_Photo_NH_Texture.png,https://nookipedia.com/wiki/Curly,f993ce,fffce9
Curt,Curt,Bear,Cranky,A,Male,July 1,July,1,Cancer,fuzzball,A Bell saved is a Bell earned.,Nature,Cool,,Blue,White,Comrade K.K.,MVP tee,DnMe+,e+|WW|CF|NL|WA|NH|PC|HHD,1,0,https://dodo.ac/np/images/2/27/Curt_NH.png,https://dodo.ac/np/images/f/f5/Curt_NH_Villager_Icon.png,https://dodo.ac/np/images/4/40/Curt%27s_Photo_NH_Texture.png,https://nookipedia.com/wiki/Curt,515151,fffce9
Cyd,Cyd,Elephant,Cranky,A,Male,June 9,June,9,Gemini,rockin',"Do what you want, but do it loud!",Music,Cool,Active,Black,Yellow,K.K. Metal,dragon jacket,NH,NH|PC,1,0,https://dodo.ac/np/images/5/5d/Cyd_NH.png,https://dodo.ac/np/images/4/42/Cyd_NH_Villager_Icon.png,https://dodo.ac/np/images/1/1e/Cyd%27s_Photo_NH_Texture.png,https://nookipedia.com/wiki/Cyd,ff4040,fffad4
Cyrano,Cyrano,Anteater,Cranky,B,Male,March 9,March,9,Pisces,ah-CHOO,Don't punch your nose to spite your face.,Education,Cool,Active,Yellow,Beige,K.K. Lament,judogi,DnM,DnM|AC|e+|WW|CF|NL|WA|NH|PC|HHD|Film,1,0,https://dodo.ac/np/images/4/48/Cyrano_NH.png,https://dodo.ac/np/images/b/b4/Cyrano_NH_Villager_Icon.png,https://dodo.ac/np/images/0/02/Cyrano%27s_Photo_NH_Texture.png,https://nookipedia.com/wiki/Cyrano,194c89,fffad4
Daisy,Daisy,Dog,Normal,B,Female,November 16,November,16,Scorpio,bow-WOW,It's not always a dog-eat-dog world.,Education,Simple,Cute,Colorful,Blue,Forest Life,colorful striped sweater,DnM,DnM|AC|e+|WW|CF|NL|WA|NH|PC|HHD,1,0,https://dodo.ac/np/images/9/96/Daisy_NH.png,https://dodo.ac/np/images/4/4a/Daisy_NH_Villager_Icon.png,https://dodo.ac/np/images/f/f0/Daisy%27s_Photo_NH_Texture.png,https://nookipedia.com/wiki/Daisy,fff98f,879b96
Deena,Deena,Duck,Normal,B,Female,June 27,June,27,Cancer,woowoo,Duck...duck...GOOSE!,Education,Simple,Cute,Colorful,Blue,Mr. K.K.,overall dress,DnM,DnM|AC|e+|WW|CF|NL|WA|NH|PC|HHD,1,0,https://dodo.ac/np/images/b/b8/Deena_NH.png,https://dodo.ac/np/images/b/b9/Deena_NH_Villager_Icon.png,https://dodo.ac/np/images/6/63/Deena%27s_Photo_NH_Texture.png,https://nookipedia.com/wiki/Deena,798040,fffad4
Deirdre,Deirdre,Deer,Big sister,A,Female,May 4,May,4,Taurus,whatevs,"Legs of an antelope, heart of an eagle.",Play,Simple,,Orange,,K.K. Bossa,flower sweater,NL,NL|WA|NH|PC|HHD,1,0,https://dodo.ac/np/images/3/3c/Deirdre_NH.png,https://dodo.ac/np/images/3/3a/Deirdre_NH_Villager_Icon.png,https://dodo.ac/np/images/0/08/Deirdre%27s_Photo_NH_Texture.png,https://nookipedia.com/wiki/Deirdre,ddcdca,4b4496
Del,Del,Alligator,Cranky,B,Male,May 27,May,27,Gemini,gronk,The hero is brave in deeds as well as words.,Fitness,Cool,Simple,Blue,White,Pondering,striped shirt,DnMe+,e+|CF|NL|WA|NH|PC|HHD,1,0,https://dodo.ac/np/images/4/46/Del_NH.png,https://dodo.ac/np/images/8/8b/Del_NH_Villager_Icon.png,https://dodo.ac/np/images/c/c7/Del%27s_Photo_NH_Texture.png,https://nookipedia.com/wiki/Del,6b75ce,9ae8df
Deli,Deli,Monkey,Lazy,A,Male,May 24,May,24,Gemini,monch,"Righty tighty, lefty loosey.",Nature,Gorgeous,Elegant,Purple,Brown,K.K. Étude,argyle vest,NL,NL|WA|NH|PC|HHD,1,0,https://dodo.ac/np/images/3/30/Deli_NH.png,https://dodo.ac/np/images/d/da/Deli_NH_Villager_Icon.png,https://dodo.ac/np/images/f/ff/Deli%27s_Photo_NH_Texture.png,https://nookipedia.com/wiki/Deli,c0ab72,fffce9
Derwin,Derwin,Duck,Lazy,B,Male,May 25,May,25,Gemini,derrrr,Everything in moderation. Except for snacks.,Play,Simple,Elegant,Yellow,Beige,K.K. Stroll,striped tank,DnM,DnM|AC|e+|WW|CF|NL|WA|NH|PC|HHD,1,0,https://dodo.ac/np/images/9/98/Derwin_NH.png,https://dodo.ac/np/images/6/62/Derwin_NH_Villager_Icon.png,https://dodo.ac/np/images/1/1a/Derwin%27s_Photo_NH_Texture.png,https://nookipedia.com/wiki/Derwin,0961f6,fffce9
Diana,Diana,Deer,Snooty,A,Female,January 4,January,4,Capricorn,no doy,Sometimes you have to lose to win.,Education,Elegant,Gorgeous,Purple,Pink,Farewell,mysterious dress,NL,NL|WA|NH|PC|HHD,1,0,https://dodo.ac/np/images/1/1f/Diana_NH.png,https://dodo.ac/np/images/c/c3/Diana_NH_Villager_Icon.png,https://dodo.ac/np/images/a/a4/Diana%27s_Photo_NH_Texture.png,https://nookipedia.com/wiki/Diana,ffebff,725661
Diva,Diva,Frog,Big sister,A,Female,October 2,October,2,Libra,ya know,Eyes are the windows to the soul.,Fitness,Gorgeous,Elegant,Purple,Aqua,K.K. Oasis,palatial tank dress,NL,NL|WA|NH|PC|HHD,1,0,https://dodo.ac/np/images/4/44/Diva_NH.png,https://dodo.ac/np/images/5/5b/Diva_NH_Villager_Icon.png,https://dodo.ac/np/images/c/c1/Diva%27s_Photo_NH_Texture.png,https://nookipedia.com/wiki/Diva,a06fce,fffce9
Dizzy,Dizzy,Elephant,Lazy,B,Male,July 14,July,14,Cancer,woo-oo,Keep it mellow.,Play,Simple,,Yellow,Blue,Two Days Ago,bone tee,DnM,DnM|AC|e+|WW|CF|NL|WA|NH|PC|HHD,1,0,https://dodo.ac/np/images/6/63/Dizzy_NH.png,https://dodo.ac/np/images/7/77/Dizzy_NH_Villager_Icon.png,https://dodo.ac/np/images/1/1f/Dizzy%27s_Photo_NH_Texture.png,https://nookipedia.com/wiki/Dizzy,7fa9ff,fffce9
Dobie,Dobie,Wolf,Cranky,A,Male,February 17,February,17,Aquarius,ohmmm,Old longings never truly fade.,Nature,Simple,Cool,Brown,Beige,Agent K.K.,fuzzy vest,DnM+,AC|e+|WA|NH|PC,1,1,https://dodo.ac/np/images/7/76/Dobie_NH.png,https://dodo.ac/np/images/a/ab/Dobie_NH_Villager_Icon.png,https://dodo.ac/np/images/1/1e/Dobie%27s_Photo_NH_Texture.png,https://nookipedia.com/wiki/Dobie,798040,fffad4
Doc,Doc,Rabbit,Lazy,B,Male,March 16,March,16,Pisces,old bunny,One cannot live on carrots alone.,Education,Simple,Elegant,Gray,Beige,Pondering,flannel shirt,DnM,DnM|AC|e+|NL|WA|NH|PC|HHD,1,0,https://dodo.ac/np/images/c/cd/Doc_NH.png,https://dodo.ac/np/images/6/6b/Doc_NH_Villager_Icon.png,https://dodo.ac/np/images/4/40/Doc%27s_Photo_NH_Texture.png,https://nookipedia.com/wiki/Doc,0961f6,fffce9
Dom,Dom,Sheep,Jock,A,Male,March 18,March,18,Pisces,indeedaroo,Be true to your most shiny self.,Play,Active,Cute,Red,Colorful,K.K. Country,tie-dye shirt,NH,NH|PC,1,0,https://dodo.ac/np/images/7/75/Dom_NH.png,https://dodo.ac/np/images/e/e1/Dom_NH_Villager_Icon.png,https://dodo.ac/np/images/8/8b/Dom%27s_Photo_NH_Texture.png,https://nookipedia.com/wiki/Dom,feeae7,97858e
Dora,Dora,Mouse,Normal,B,Female,February 18,February,18,Aquarius,squeaky,The squeaky wheel gets the cheese.,Education,Simple,Elegant,Blue,Aqua,K.K. Faire,sea hanten shirt,DnM,DnM|AC|e+|WW|CF|NL|WA|NH|PC|HHD,1,0,https://dodo.ac/np/images/d/de/Dora_NH.png,https://dodo.ac/np/images/7/7f/Dora_NH_Villager_Icon.png,https://dodo.ac/np/images/5/52/Dora%27s_Photo_NH_Texture.png,https://nookipedia.com/wiki/Dora,ffffff,848484
Dotty,Dotty,Rabbit,Peppy,B,Female,March 14,March,14,Pisces,wee one,It's always a good hare day.,Fashion,Simple,Cute,Blue,Black,Drivin',sleeveless tunic,DnM,DnM|AC|e+|WW|CF|NL|WA|NH|PC|HHD,1,0,https://dodo.ac/np/images/c/cc/Dotty_NH.png,https://dodo.ac/np/images/c/c7/Dotty_NH_Villager_Icon.png,https://dodo.ac/np/images/b/b1/Dotty%27s_Photo_NH_Texture.png,https://nookipedia.com/wiki/Dotty,ffffff,848484
Dozer,Dozer,Bear,Lazy,,Male,,,,Pisces,zzzzzz,,,,,,,,bear shirt,DnM,DnM|AC|e+,0,0,https://dodo.ac/np/images/3/3a/Dozer_PG.png,,,https://nookipedia.com/wiki/Dozer,,
Drago,Drago,Alligator,Lazy,A,Male,February 12,February,12,Aquarius,burrrn,There is no room for two dragons in one pond.,Nature,Elegant,Gorgeous,Orange,Red,Imperial K.K.,dragon suit,NL,NL|WA|NH|PC|HHD,1,0,https://dodo.ac/np/images/f/f9/Drago_NH.png,https://dodo.ac/np/images/b/bd/Drago_NH_Villager_Icon.png,https://dodo.ac/np/images/d/d4/Drago%27s_Photo_NH_Texture.png,https://nookipedia.com/wiki/Drago,78dd62,28665a
Drake,Drake,Duck,Lazy,B,Male,June 25,June,25,Cancer,quacko,...Quack.,Play,Cool,Simple,Brown,Red,K.K. Blues,yodel sweater,WW,WW|CF|NL|WA|NH|PC|HHD,1,0,https://dodo.ac/np/images/e/e0/Drake_NH.png,https://dodo.ac/np/images/b/be/Drake_NH_Villager_Icon.png,https://dodo.ac/np/images/0/0d/Drake%27s_Photo_NH_Texture.png,https://nookipedia.com/wiki/Drake,459aba,fffce9
Drift,Drift,Frog,Jock,B,Male,October 9,October,9,Libra,dribbit,Always go for the gold!,Fitness,Simple,Active,Orange,Red,K.K. Metal,six-ball tee,DnM+,AC|e+|WW|CF|NL|WA|NH|PC|HHD,1,1,https://dodo.ac/np/images/a/ac/Drift_NH.png,https://dodo.ac/np/images/a/a7/Drift_NH_Villager_Icon.png,https://dodo.ac/np/images/4/49/Drift%27s_Photo_NH_Texture.png,https://nookipedia.com/wiki/Drift,ff791f,fff2bb
Ed,Ed,Horse,Smug,B,Male,September 16,September,16,Virgo,greenhorn,Beauty is pretty!,Nature,Gorgeous,Elegant,Black,Gray,K.K. Ballad,collarless shirt,DnM,DnM|AC|e+|CF|NL|WA|NH|PC|HHD,1,0,https://dodo.ac/np/images/c/c9/Ed_NH.png,https://dodo.ac/np/images/4/4e/Ed_NH_Villager_Icon.png,https://dodo.ac/np/images/4/49/Ed%27s_Photo_NH_Texture.png,https://nookipedia.com/wiki/Ed,55cfff,fffce9
Egbert,Egbert,Chicken,Lazy,B,Male,October 14,October,14,Libra,doodle-duh,You gotta break a few eggs to make an omelet.,Play,Simple,,Beige,Brown,Lucky K.K.,folk shirt,DnM,DnM|AC|e+|WW|CF|NL|WA|NH|PC|HHD,1,0,https://dodo.ac/np/images/3/3f/Egbert_NH.png,https://dodo.ac/np/images/c/c3/Egbert_NH_Villager_Icon.png,https://dodo.ac/np/images/6/65/Egbert%27s_Photo_NH_Texture.png,https://nookipedia.com/wiki/Egbert,ffd00d,9b553a
Elina,Elina,Elephant,Peppy,,Female,,,,Cancer,shrimp,,,,,,,,red aloha shirt,DnM+,AC|e+,0,1,https://dodo.ac/np/images/a/ac/Elina_PG.png,,,https://nookipedia.com/wiki/Elina,,
Elise,Elise,Monkey,Snooty,B,Female,March 21,March,21,Aries,puh-lease,"Do as I say, not as I do.",Fashion,Elegant,Gorgeous,Purple,Red,K.K. Bossa,elegant dress,WW,WW|CF|NL|WA|NH|PC|HHD,1,0,https://dodo.ac/np/images/0/0c/Elise_NH.png,https://dodo.ac/np/images/2/28/Elise_NH_Villager_Icon.png,https://dodo.ac/np/images/3/3c/Elise%27s_Photo_NH_Texture.png,https://nookipedia.com/wiki/Elise,d8cc39,8b5f57
Ellie,Ellie,Elephant,Normal,A,Female,May 12,May,12,Taurus,li'l one,You need the sour to highlight the sweet.,Nature,Simple,Cute,Gray,Pink,K.K. Ballad,Aran-knit sweater,DnM,DnM|AC|e+|WA|NH|PC,1,0,https://dodo.ac/np/images/3/38/Ellie_NH.png,https://dodo.ac/np/images/b/b3/Ellie_NH_Villager_Icon.png,https://dodo.ac/np/images/3/3d/Ellie%27s_Photo_NH_Texture.png,https://nookipedia.com/wiki/Ellie,c0ab72,fffce9
Elmer,Elmer,Horse,Lazy,B,Male,October 5,October,5,Libra,tenderfoot,"The horse doesn't pull the cart, the oats do.",Play,Simple,Cool,Blue,White,K.K. Country,boa fleece,DnM,DnM|AC|e+|WW|CF|NL|WA|NH|PC|HHD,1,0,https://dodo.ac/np/images/6/60/Elmer_NH.png,https://dodo.ac/np/images/b/b1/Elmer_NH_Villager_Icon.png,https://dodo.ac/np/images/0/09/Elmer%27s_Photo_NH_Texture.png,https://nookipedia.com/wiki/Elmer,d86808,fffce9
Eloise,Eloise,Elephant,Snooty,B,Female,December 8,December,8,Sagittarius,tooooot,An elephant never forgets.,Fashion,Elegant,Simple,Green,Orange,K.K. Soul,zigzag-print dress,DnM,DnM|AC|e+|WW|CF|NL|WA|NH|PC|HHD,1,0,https://dodo.ac/np/images/b/b1/Eloise_NH.png,https://dodo.ac/np/images/b/bb/Eloise_NH_Villager_Icon.png,https://dodo.ac/np/images/6/65/Eloise%27s_Photo_NH_Texture.png,https://nookipedia.com/wiki/Eloise,ffd00d,9b553a
Elvis,Elvis,Lion,Cranky,B,Male,July 23,July,23,Leo,unh-hunh,Better a live coward than a forgotten hero.,Education,Gorgeous,Elegant,Red,Black,K.K. Casbah,royal shirt,WW,WW|CF|NL|WA|NH|PC|HHD,1,0,https://dodo.ac/np/images/c/cc/Elvis_NH.png,https://dodo.ac/np/images/2/2a/Elvis_NH_Villager_Icon.png,https://dodo.ac/np/images/7/76/Elvis%27s_Photo_NH_Texture.png,https://nookipedia.com/wiki/Elvis,ffd00d,9b553a
Emerald,Emerald,Frog,Normal,,Female,,,,Cancer,sproing,,,,,,,,frog shirt,DnM,DnM|AC|e+,0,0,https://dodo.ac/np/images/2/2f/Emerald_PG.png,,,https://nookipedia.com/wiki/Emerald,,
Epona,Epona,Horse,Peppy,,Female,November 21,November,21,Scorpio,neigh,Even the wildest horse can be tamed.,,,,,,,Epona outfit,NLWa,WA,0,0,https://dodo.ac/np/images/0/09/Epona_NLWa.png,,,https://nookipedia.com/wiki/Epona,,
Erik,Erik,Deer,Lazy,A,Male,July 27,July,27,Leo,chow down,"If you're afraid of wolves, don't go to the woods.",Nature,Simple,,Beige,Red,Drivin',yodel sweater,NL,NL|WA|NH|PC|HHD,1,0,https://dodo.ac/np/images/8/88/Erik_NH.png,https://dodo.ac/np/images/b/b7/Erik_NH_Villager_Icon.png,https://dodo.ac/np/images/e/ed/Erik%27s_Photo_NH_Texture.png,https://nookipedia.com/wiki/Erik,e8b010,fffce9
Eugene,Eugene,Koala,Smug,A,Male,October 26,October,26,Scorpio,yeah buddy,Imitation is the sincerest form of flattery.,Music,Cool,Gorgeous,Black,Gray,Agent K.K.,biker jacket,NL,NL|WA|NH|PC|HHD,1,0,https://dodo.ac/np/images/a/ab/Eugene_NH.png,https://dodo.ac/np/images/0/02/Eugene_NH_Villager_Icon.png,https://dodo.ac/np/images/4/4b/Eugene%27s_Photo_NH_Texture.png,https://nookipedia.com/wiki/Eugene,4c3317,fffce9
Eunice,Eunice,Sheep,Normal,B,Female,April 3,April,3,Aries,lambchop,There is a point to every encounter.,Fashion,Simple,Elegant,Beige,Orange,K.K. Disco,Aran-knit cardigan,DnM,DnM|AC|e+|CF|NL|WA|NH|PC|HHD,1,0,https://dodo.ac/np/images/9/97/Eunice_NH.png,https://dodo.ac/np/images/5/55/Eunice_NH_Villager_Icon.png,https://dodo.ac/np/images/1/1b/Eunice%27s_Photo_NH_Texture.png,https://nookipedia.com/wiki/Eunice,194c89,fffad4
Faith,Faith,Koala,Big sister,B,Female,March 21,March,21,Aries,aloha,Never let your mind be what holds you back.,Music,Elegant,Cute,Red,White,K.K. Slack-Key,hula top,DnM+,AC|e+|NH|PC,1,1,https://dodo.ac/np/images/5/58/Faith_amiibo.png,https://dodo.ac/np/images/f/f9/Faith_NH_Villager_Icon.png,https://dodo.ac/np/images/0/09/Faith%27s_Photo_NH_Texture.png,https://nookipedia.com/wiki/Faith,ff791f,fff2bb
Fang,Fang,Wolf,Cranky,B,Male,December 18,December,18,Sagittarius,cha-chomp,"You mess with the wolf, you get the fangs.",Education,Simple,Cool,White,Aqua,K.K. Steppe,snowy sweater,DnM,DnM|AC|e+|CF|NL|WA|NH|PC|HHD,1,0,https://dodo.ac/np/images/9/9e/Fang_NH_Transparent.png,https://dodo.ac/np/images/7/75/Fang_NH_Villager_Icon.png,https://dodo.ac/np/images/8/8d/Fang%27s_Photo_NH_Texture.png,https://nookipedia.com/wiki/Fang,ddcdca,4b4496
Fauna,Fauna,Deer,Normal,A,Female,March 26,March,26,Aries,dearie,The first step is always the hardest.,Nature,Simple,Cute,Beige,White,K.K. Stroll,Bohemian tunic dress,NL,NL|WA|NH|PC|HHD,1,0,https://dodo.ac/np/images/9/91/Fauna_NH.png,https://dodo.ac/np/images/2/29/Fauna_NH_Villager_Icon.png,https://dodo.ac/np/images/a/a5/Fauna%27s_Photo_NH_Texture.png,https://nookipedia.com/wiki/Fauna,7a2500,fffce9
Felicity,Felicity,Cat,Peppy,B,Female,March 30,March,30,Aries,mimimi,Love has no bounds.,Fashion,Cute,,Yellow,Orange,K.K. Stroll,tweed dress,DnMe+,e+|CF|NL|WA|NH|PC|HHD,1,0,https://dodo.ac/np/images/c/c7/Felicity_NH.png,https://dodo.ac/np/images/f/f3/Felicity_NH_Villager_Icon.png,https://dodo.ac/np/images/4/48/Felicity%27s_Photo_NH_Texture.png,https://nookipedia.com/wiki/Felicity,fff98f,879b96
Felyne,Felyne,Cat,Lazy,,Male,January 6,January,6,Capricorn,nya,"Calmly gathering. Ah, the life of a hunter. ♪",,,,,,,Felyne outfit,HHD,WA|HHD,0,0,https://dodo.ac/np/images/3/31/Felyne_HHD.png,,,https://nookipedia.com/wiki/Felyne,,
Filbert,Filbert,Squirrel,Lazy,A,Male,June 3,June,3,Gemini,bucko,Don't go nuts or anything.,Nature,Simple,Cute,Blue,White,Stale Cupcakes,tree sweater,DnM,DnM|AC|e+|WW|CF|NL|WA|NH|PC|HHD,1,0,https://dodo.ac/np/images/8/81/Filbert_NH.png,https://dodo.ac/np/images/7/70/Filbert_NH_Villager_Icon.png,https://dodo.ac/np/images/4/4e/Filbert%27s_Photo_NH_Texture.png,https://nookipedia.com/wiki/Filbert,55cfff,fffce9
Filly,Filly,Horse,Normal,,Female,July 11,July,11,Cancer,hah,One horse against the world.,,,,,,,sunset tee,HHD,WA|HHD,0,0,https://dodo.ac/np/images/0/03/Filly_HHD.png,,,https://nookipedia.com/wiki/Filly,,
Flash,Flash,Bird,Cranky,,Male,,,,Gemini,babe,,,,,,,,blue aloha shirt,DnM+,AC|e+,0,1,https://dodo.ac/np/images/b/b5/Flash_PG.png,,,https://nookipedia.com/wiki/Flash,,
Flip,Flip,Monkey,Jock,A,Male,November 21,November,21,Scorpio,rerack,"See no donut, hear no donut, speak no donut.",Music,Active,Simple,Blue,Yellow,K.K. Rally,muscle tank,NL,NL|WA|NH|PC|HHD,1,0,https://dodo.ac/np/images/c/c3/Flip_NH.png,https://dodo.ac/np/images/f/f3/Flip_NH_Villager_Icon.png,https://dodo.ac/np/images/b/b4/Flip%27s_Photo_NH_Texture.png,https://nookipedia.com/wiki/Flip,ff791f,fff2bb
Flo,Flo,Penguin,Big sister,A,Female,September 2,September,2,Virgo,cha,Always keep a straight face.,Music,Cool,Gorgeous,Red,Purple,Space K.K.,folk shirt,NL,NL|WA|NH|PC|HHD,1,0,https://dodo.ac/np/images/b/bb/Flo_NH.png,https://dodo.ac/np/images/3/37/Flo_NH_Villager_Icon.png,https://dodo.ac/np/images/7/74/Flo%27s_Photo_NH_Texture.png,https://nookipedia.com/wiki/Flo,6b75ce,9ae8df
Flora,Flora,Ostrich,Peppy,A,Female,February 9,February,9,Aquarius,pinky,Pink is the new black.,Play,Cute,Active,Colorful,Pink,K.K. Condor,gumdrop dress,NL,NL|WA|NH|PC|HHD,1,0,https://dodo.ac/np/images/8/8e/Flora_NH.png,https://dodo.ac/np/images/0/04/Flora_NH_Villager_Icon.png,https://dodo.ac/np/images/1/10/Flora%27s_Photo_NH_Texture.png,https://nookipedia.com/wiki/Flora,ff6183,fffce9
Flossie,Flossie,Mouse,Peppy,,Female,,,,Libra,squeaker,,,,,,,,red aloha shirt,DnM+,AC|e+,0,1,https://dodo.ac/np/images/1/1b/Flossie_PG.png,,,https://nookipedia.com/wiki/Flossie,,
Flurry,Flurry,Hamster,Normal,A,Female,January 30,January,30,Aquarius,powderpuff,"Squeak your mind, even if your voice shakes.",Nature,Elegant,Cute,Red,Pink,Hypno K.K.,flower sweater,NL,NL|WA|NH|PC|HHD,1,0,https://dodo.ac/np/images/0/03/Flurry_NH.png,https://dodo.ac/np/images/c/c7/Flurry_NH_Villager_Icon.png,https://dodo.ac/np/images/9/96/Flurry%27s_Photo_NH_Texture.png,https://nookipedia.com/wiki/Flurry,ffffff,848484
Francine,Francine,Rabbit,Snooty,B,Female,January 22,January,22,Aquarius,karat,You can't have wise folks if you don't have fools too.,Fashion,Elegant,Gorgeous,Blue,Black,K.K. Cruisin',marble-dots dress,DnMe+,e+|CF|NL|WA|NH|PC|HHD,1,0,https://dodo.ac/np/images/3/34/Francine_NH.png,https://dodo.ac/np/images/1/1c/Francine_NH_Villager_Icon.png,https://dodo.ac/np/images/f/f0/Francine%27s_Photo_NH_Texture.png,https://nookipedia.com/wiki/Francine,3fd8e0,fffce9
Frank,Frank,Eagle,Cranky,B,Male,July 30,July,30,Leo,crushy,Today is the last day of the rest of your life.,Education,Gorgeous,Cool,Brown,Yellow,K.K. Casbah,letter jacket,DnMe+,e+|NL|WA|NH|PC|HHD,1,1,https://dodo.ac/np/images/7/75/Frank_NH.png,https://dodo.ac/np/images/0/0e/Frank_NH_Villager_Icon.png,https://dodo.ac/np/images/6/6a/Frank%27s_Photo_NH_Texture.png,https://nookipedia.com/wiki/Frank,78dd62,28665a
Freckles,Freckles,Duck,Peppy,B,Female,February 19,February,19,Pisces,ducky,Act now before you change your mind!,Fashion,Simple,Cute,Green,Colorful,Marine Song 2001,flower-print dress,DnM,DnM|AC|e+|WW|CF|NL|WA|NH|PC|HHD,1,0,https://dodo.ac/np/images/7/7d/Freckles_NH.png,https://dodo.ac/np/images/7/75/Freckles_NH_Villager_Icon.png,https://dodo.ac/np/images/5/55/Freckles%27s_Photo_NH_Texture.png,https://nookipedia.com/wiki/Freckles,ff6183,fffce9
Frett,Frett,Dog,Cranky,B,Male,October 30,October,30,Scorpio,goshers,I'm in the prime of my life.,Music,Cool,Active,Gray,Brown,Comrade K.K.,gingham picnic shirt,DnMe+,e+|NH|PC,1,0,https://dodo.ac/np/images/b/b3/Frett_amiibo.png,https://dodo.ac/np/images/4/43/Frett_NH_Villager_Icon.png,https://dodo.ac/np/images/9/97/Frett%27s_Photo_NH_Texture.png,https://nookipedia.com/wiki/Frett,fff80d,9b8986
Freya,Freya,Wolf,Snooty,B,Female,December 14,December,14,Sagittarius,uff da,Don't stray too far from the pack.,Fashion,Elegant,Cool,Green,Blue,Lucky K.K.,reindeer sweater,DnM,DnM|AC|e+|CF|NL|WA|NH|PC|HHD,1,0,https://dodo.ac/np/images/e/ee/Freya_NH.png,https://dodo.ac/np/images/2/29/Freya_NH_Villager_Icon.png,https://dodo.ac/np/images/d/d6/Freya%27s_Photo_NH_Texture.png,https://nookipedia.com/wiki/Freya,ff6183,fffce9
Friga,Friga,Penguin,Snooty,B,Female,October 16,October,16,Libra,brrrmph,You can't learn a life lesson from a fortune cookie.,Fashion,Elegant,Gorgeous,Pink,Black,Farewell,simple checkered dress,DnM,DnM|AC|e+|WW|CF|NL|WA|NH|PC|HHD,1,0,https://dodo.ac/np/images/8/8c/Friga_NH.png,https://dodo.ac/np/images/3/37/Friga_NH_Villager_Icon.png,https://dodo.ac/np/images/f/f5/Friga%27s_Photo_NH_Texture.png,https://nookipedia.com/wiki/Friga,f2bdc7,634b4b
Frita,Frita,Sheep,Big sister,A,Female,July 16,July,16,Cancer,oh ewe,Don't sweat the small potatoes.,Music,Active,Cute,Yellow,Red,K.K. Rockabilly,hot-dog costume,NL,NL|WA|NH|PC|HHD,1,0,https://dodo.ac/np/images/d/d5/Frita_NH.png,https://dodo.ac/np/images/0/0f/Frita_NH_Villager_Icon.png,https://dodo.ac/np/images/6/6a/Frita%27s_Photo_NH_Texture.png,https://nookipedia.com/wiki/Frita,ffaa3b,874c25
Frobert,Frobert,Frog,Jock,B,Male,February 8,February,8,Aquarius,fribbit,Always aim high!,Fitness,Active,Simple,Blue,Colorful,K.K. Ragtime,striped tee,DnMe+,e+|WW|CF|NL|WA|NH|PC|HHD,1,0,https://dodo.ac/np/images/3/3b/Frobert_NH.png,https://dodo.ac/np/images/1/19/Frobert_NH_Villager_Icon.png,https://dodo.ac/np/images/8/85/Frobert%27s_Photo_NH_Texture.png,https://nookipedia.com/wiki/Frobert,87e0a9,219479
Fruity,Fruity,Duck,Jock,,Male,,,,Sagittarius,グァバ,,,,,,,,blue aloha shirt,DnMe+,e+,0,1,https://dodo.ac/np/images/b/b3/Fruity_DnMe%2B.png,,,https://nookipedia.com/wiki/Fruity,,
Fuchsia,Fuchsia,Deer,Big sister,A,Female,September 19,September,19,Virgo,precious,It takes one to know one.,Music,Cool,,Pink,,K.K. Rock,zigzag-print dress,NL,NL|WA|NH|PC|HHD,1,0,https://dodo.ac/np/images/6/67/Fuchsia_NH.png,https://dodo.ac/np/images/0/08/Fuchsia_NH_Villager_Icon.png,https://dodo.ac/np/images/5/50/Fuchsia%27s_Photo_NH_Texture.png,https://nookipedia.com/wiki/Fuchsia,f993ce,fffce9
Gabi,Gabi,Rabbit,Peppy,B,Female,December 16,December,16,Sagittarius,honeybun,The more the merrier.,Fashion,Cute,Gorgeous,Brown,Red,Neapolitan,gingham picnic shirt,DnM,DnM|AC|e+|WW|CF|NL|WA|NH|PC|HHD,1,0,https://dodo.ac/np/images/8/86/Gabi_NH.png,https://dodo.ac/np/images/e/e9/Gabi_NH_Villager_Icon.png,https://dodo.ac/np/images/c/c9/Gabi%27s_Photo_NH_Texture.png,https://nookipedia.com/wiki/Gabi,ffffff,848484
Gala,Gala,Pig,Normal,B,Female,March 5,March,5,Pisces,snortie,Still waters run deep.,Education,Cute,Elegant,Pink,White,Animal City,flower-print dress,CF,CF|NL|WA|NH|PC|HHD,1,0,https://dodo.ac/np/images/e/e6/Gala_NH.png,https://dodo.ac/np/images/f/f9/Gala_NH_Villager_Icon.png,https://dodo.ac/np/images/b/bb/Gala%27s_Photo_NH_Texture.png,https://nookipedia.com/wiki/Gala,feeae7,97858e
Ganon,Ganon,Pig,Cranky,,Male,February 21,February,21,Pisces,heh heh,Never be ashamed to pig out.,,,,,,,Ganon outfit,NLWa,WA,0,0,https://dodo.ac/np/images/8/8c/Ganon_NLWa.png,,,https://nookipedia.com/wiki/Ganon,,
Gaston,Gaston,Rabbit,Cranky,B,Male,October 28,October,28,Scorpio,mon chou,An ear for an ear makes it hard to hear.,Education,Simple,Gorgeous,Brown,Orange,K.K. Song,color-block dress shirt,DnM,DnM|AC|e+|WW|CF|NL|WA|NH|PC|HHD,1,0,https://dodo.ac/np/images/5/59/Gaston_NH.png,https://dodo.ac/np/images/c/cd/Gaston_NH_Villager_Icon.png,https://dodo.ac/np/images/f/f3/Gaston%27s_Photo_NH_Texture.png,https://nookipedia.com/wiki/Gaston,ffd00d,9b553a
Gayle,Gayle,Alligator,Normal,A,Female,May 17,May,17,Taurus,snacky,An ounce of prevention is worth a pound of cure.,Nature,Cute,,Pink,White,Bubblegum K.K.,lace-up dress,NL,NL|WA|NH|PC|HHD,1,0,https://dodo.ac/np/images/5/5e/Gayle_NH.png,https://dodo.ac/np/images/2/20/Gayle_NH_Villager_Icon.png,https://dodo.ac/np/images/f/f1/Gayle%27s_Photo_NH_Texture.png,https://nookipedia.com/wiki/Gayle,f993ce,fffce9
Gen,Gen,Sheep,Jock,,Male,,,,Aries,っしゃあ,,,,,,,,red check shirt,DnMe+,e+,0,0,https://dodo.ac/np/images/7/7f/Gen_DnMe%2B.png,,,https://nookipedia.com/wiki/Gen,,
Genji,Genji,Rabbit,Jock,B,Male,January 21,January,21,Aquarius,mochi,"Fall down seven times, get up eight.",Fitness,Elegant,Simple,Green,Purple,King K.K.,misty tee,DnM,DnM|AC|e+|WW|CF|NL|WA|NH|PC|HHD,1,0,https://dodo.ac/np/images/6/67/Genji_NH.png,https://dodo.ac/np/images/5/5d/Genji_NH_Villager_Icon.png,https://dodo.ac/np/images/3/3b/Genji%27s_Photo_NH_Texture.png,https://nookipedia.com/wiki/Genji,ffffff,848484
Gigi,Gigi,Frog,Snooty,B,Female,August 11,August,11,Leo,ribbette,Look at the world through rose-colored glasses.,Fashion,Gorgeous,Elegant,Black,White,K.K. Swing,full-length dress with pearls,CF,CF|NL|WA|NH|PC|HHD,1,0,https://dodo.ac/np/images/8/86/Gigi_NH.png,https://dodo.ac/np/images/1/10/Gigi_NH_Villager_Icon.png,https://dodo.ac/np/images/8/82/Gigi%27s_Photo_NH_Texture.png,https://nookipedia.com/wiki/Gigi,a06fce,fffce9
Gladys,Gladys,Ostrich,Normal,B,Female,January 15,January,15,Capricorn,stretch,Smiles are free.,Education,Elegant,Cute,Green,Pink,K.K. Folk,misty tee,DnMe+,e+|WW|CF|NL|WA|NH|PC|HHD,1,0,https://dodo.ac/np/images/a/a5/Gladys_NH_Transparent.png,https://dodo.ac/np/images/b/b3/Gladys_NH_Villager_Icon.png,https://dodo.ac/np/images/a/a3/Gladys%27s_Photo_NH_Texture.png,https://nookipedia.com/wiki/Gladys,ffffff,848484
Gloria,Gloria,Duck,Snooty,B,Female,August 12,August,12,Leo,quacker,Time is money.,Fashion,Gorgeous,Elegant,Black,Gray,Animal City,floral lace dress,CF,CF|NL|WA|NH|PC|HHD,1,0,https://dodo.ac/np/images/1/14/Gloria_NH.png,https://dodo.ac/np/images/4/4d/Gloria_NH_Villager_Icon.png,https://dodo.ac/np/images/3/38/Gloria%27s_Photo_NH_Texture.png,https://nookipedia.com/wiki/Gloria,ffffff,848484
Goldie,Goldie,Dog,Normal,B,Female,December 27,December,27,Capricorn,woof,A little bit of happiness is better than a lot of anguish.,Nature,Simple,Cute,Yellow,Orange,K.K. Bossa,tweed dress,DnM,DnM|AC|e+|WW|CF|NL|WA|NH|PC|HHD,1,0,https://dodo.ac/np/images/8/83/Goldie_NH.png,https://dodo.ac/np/images/c/ce/Goldie_NH_Villager_Icon.png,https://dodo.ac/np/images/2/2f/Goldie%27s_Photo_NH_Texture.png,https://nookipedia.com/wiki/Goldie,fff98f,879b96
Gonzo,Gonzo,Koala,Cranky,A,Male,October 13,October,13,Libra,mate,"Brothers are brothers, cheese is cheese.",Nature,Simple,Cool,Black,Green,Surfin' K.K.,reindeer sweater,DnM,DnM|AC|e+|WA|NH|PC,1,0,https://dodo.ac/np/images/0/09/Gonzo_NH.png,https://dodo.ac/np/images/4/40/Gonzo_NH_Villager_Icon.png,https://dodo.ac/np/images/2/2a/Gonzo%27s_Photo_NH_Texture.png,https://nookipedia.com/wiki/Gonzo,bfbfbf,5e5e5e
Goose,Goose,Chicken,Jock,B,Male,October 4,October,4,Libra,buh-kay,Birds of a feather crow together.,Fitness,Simple,Active,Blue,White,K.K. Country,bold aloha shirt,DnM,DnM|AC|e+|WW|CF|NL|WA|NH|PC|HHD,1,0,https://dodo.ac/np/images/9/91/Goose_NH.png,https://dodo.ac/np/images/d/d3/Goose_NH_Villager_Icon.png,https://dodo.ac/np/images/e/e7/Goose%27s_Photo_NH_Texture.png,https://nookipedia.com/wiki/Goose,ffffff,848484
Graham,Graham,Hamster,Smug,A,Male,June 20,June,20,Gemini,indeed,Knowledge is power.,Education,Simple,Cool,Green,Orange,Bubblegum K.K.,madras plaid shirt,NL,NL|WA|NH|PC|HHD,1,0,https://dodo.ac/np/images/a/a1/Graham_NH.png,https://dodo.ac/np/images/e/e2/Graham_NH_Villager_Icon.png,https://dodo.ac/np/images/4/4b/Graham%27s_Photo_NH_Texture.png,https://nookipedia.com/wiki/Graham,ffd00d,9b553a
Greta,Greta,Mouse,Snooty,A,Female,September 5,September,5,Virgo,yelp,The world is a stage.,Education,Elegant,Simple,Pink,Purple,Comrade K.K.,pinafore,NL,NL|WA|NH|PC|HHD,1,0,https://dodo.ac/np/images/b/bd/Greta_NH.png,https://dodo.ac/np/images/d/d7/Greta_NH_Villager_Icon.png,https://dodo.ac/np/images/2/20/Greta%27s_Photo_NH_Texture.png,https://nookipedia.com/wiki/Greta,ffffff,848484
Grizzly,Grizzly,Bear,Cranky,B,Male,July 31,July,31,Leo,grrr,Those who live in glass houses shouldn't throw stones.,Education,Cool,Simple,Red,Black,K.K. Condor,flannel shirt,DnM,DnM|AC|e+|CF|NL|WA|NH|PC|HHD,1,0,https://dodo.ac/np/images/4/4b/Grizzly_NH.png,https://dodo.ac/np/images/9/9b/Grizzly_NH_Villager_Icon.png,https://dodo.ac/np/images/f/fb/Grizzly%27s_Photo_NH_Texture.png,https://nookipedia.com/wiki/Grizzly,7c6559,eac113
Groucho,Groucho,Bear,Cranky,B,Male,October 23,October,23,Libra,grumble,Rocky road is more than just a flavor of ice cream.,Music,Cool,Simple,Black,Gray,K.K. Metal,dragon jacket,DnM,DnM|AC|e+|CF|NL|WA|NH|PC|HHD,1,0,https://dodo.ac/np/images/1/1d/Groucho_NH.png,https://dodo.ac/np/images/4/45/Groucho_NH_Villager_Icon.png,https://dodo.ac/np/images/7/78/Groucho%27s_Photo_NH_Texture.png,https://nookipedia.com/wiki/Groucho,194c89,fffad4
Gruff,Gruff,Goat,Cranky,B,Male,August 29,August,29,Virgo,bleh eh eh,Don't burn bridges.,Music,Cool,Gorgeous,Purple,Black,K.K. Rockabilly,old-school jacket,DnM,DnM|AC|e+|NL|WA|NH|PC|HHD,1,0,https://dodo.ac/np/images/2/25/Gruff_NH.png,https://dodo.ac/np/images/9/9c/Gruff_NH_Villager_Icon.png,https://dodo.ac/np/images/6/6c/Gruff%27s_Photo_NH_Texture.png,https://nookipedia.com/wiki/Gruff,78dd62,28665a
Gwen,Gwen,Penguin,Snooty,B,Female,January 23,January,23,Aquarius,h-h-h-hon,"Mind your manners, or someone else will.",Fashion,Gorgeous,Elegant,Green,White,Drivin',retro dress,DnM,DnM|AC|e+|WW|CF|NL|WA|NH|PC|HHD,1,0,https://dodo.ac/np/images/b/be/Gwen_NH.png,https://dodo.ac/np/images/e/ed/Gwen_NH_Villager_Icon.png,https://dodo.ac/np/images/8/83/Gwen%27s_Photo_NH_Texture.png,https://nookipedia.com/wiki/Gwen,735200000000,fffce9
Hambo,Hambo,Pig,Jock,,Male,,,,Virgo,yo,,,,,,,,concierge shirt,DnM,DnM|AC|e+,0,0,https://dodo.ac/np/images/a/a8/Hambo_PG.png,,,https://nookipedia.com/wiki/Hambo,,
Hamlet,Hamlet,Hamster,Jock,A,Male,May 30,May,30,Gemini,hammie,The ear's the thing.,Play,Simple,Active,Purple,Blue,K.K. Reggae,big-star tee,NL,NL|WA|NH|PC|HHD,1,0,https://dodo.ac/np/images/4/46/Hamlet_NH.png,https://dodo.ac/np/images/a/a0/Hamlet_NH_Villager_Icon.png,https://dodo.ac/np/images/6/62/Hamlet%27s_Photo_NH_Texture.png,https://nookipedia.com/wiki/Hamlet,ffd00d,9b553a
Hamphrey,Hamphrey,Hamster,Cranky,A,Male,February 25,February,25,Pisces,snort,Children should be seen and not heard.,Nature,Cool,Simple,Gray,Beige,Comrade K.K.,fuzzy vest,NL,NL|WA|NH|PC|HHD,1,0,https://dodo.ac/np/images/a/a9/Hamphrey_NH.png,https://dodo.ac/np/images/a/a1/Hamphrey_NH_Villager_Icon.png,https://dodo.ac/np/images/2/23/Hamphrey%27s_Photo_NH_Texture.png,https://nookipedia.com/wiki/Hamphrey,515151,fffce9
Hank,Hank,Chicken,Jock,,Male,,,,Libra,buhk buhk,,,,,,,,exotic shirt,DnM,DnM|AC|e+,0,0,https://dodo.ac/np/images/9/9f/Hank_PG.png,,,https://nookipedia.com/wiki/Hank,,
Hans,Hans,Gorilla,Smug,A,Male,December 5,December,5,Sagittarius,groovy,One good turn deserves another.,Fitness,Elegant,Gorgeous,Gray,Blue,K.K. Sonata,down ski jacket,NL,NL|WA|NH|PC|HHD,1,0,https://dodo.ac/np/images/1/15/Hans_NH.png,https://dodo.ac/np/images/c/ce/Hans_NH_Villager_Icon.png,https://dodo.ac/np/images/9/96/Hans%27s_Photo_NH_Texture.png,https://nookipedia.com/wiki/Hans,ffffff,848484
Harry,Harry,Hippo,Cranky,B,Male,January 7,January,7,Capricorn,beach bum,Patience is a virtue for folks with time.,Education,Cool,Simple,Green,Orange,K.K. Rally,camo tee,DnMe+,e+|CF|NL|WA|NH|PC|HHD,1,1,https://dodo.ac/np/images/1/1a/Harry_NH.png,https://dodo.ac/np/images/b/b4/Harry_NH_Villager_Icon.png,https://dodo.ac/np/images/d/de/Harry%27s_Photo_NH_Texture.png,https://nookipedia.com/wiki/Harry,e8b010,fffce9
Hazel,Hazel,Squirrel,Big sister,A,Female,August 30,August,30,Virgo,uni-wow,Never say never!,Play,Active,Cute,Red,Yellow,DJ K.K.,athletic jacket,NL,NL|WA|NH|PC|HHD,1,0,https://dodo.ac/np/images/1/17/Hazel_NH.png,https://dodo.ac/np/images/a/ac/Hazel_NH_Villager_Icon.png,https://dodo.ac/np/images/e/ec/Hazel%27s_Photo_NH_Texture.png,https://nookipedia.com/wiki/Hazel,ffaa3b,874c25
Hector,Hector,Chicken,Jock,,Male,,,,Aries,coo-HAH,,,,,,,,light line shirt,DnM,DnM|AC|e+,0,0,https://dodo.ac/np/images/6/6e/Hector_PG.png,,,https://nookipedia.com/wiki/Hector,,
Henry,Henry,Frog,Smug,A,Male,September 21,September,21,Virgo,snoozit,The way to a frog's heart is through his stomach.,Music,Cool,Simple,Aqua,Blue,K.K. Soul,denim jacket,NL,NL|WA|NH|PC|HHD,1,0,https://dodo.ac/np/images/2/26/Henry_NH.png,https://dodo.ac/np/images/2/2f/Henry_NH_Villager_Icon.png,https://dodo.ac/np/images/7/79/Henry%27s_Photo_NH_Texture.png,https://nookipedia.com/wiki/Henry,78dd62,28665a
Hippeux,Hippeux,Hippo,Smug,A,Male,October 15,October,15,Libra,natch,Mottoes are for the unoriginal.,Education,Elegant,Gorgeous,Brown,Green,K.K. Sonata,emblem blazer,NL,NL|WA|NH|PC|HHD,1,0,https://dodo.ac/np/images/2/26/Hippeux_NH.png,https://dodo.ac/np/images/e/ec/Hippeux_NH_Villager_Icon.png,https://dodo.ac/np/images/9/9d/Hippeux%27s_Photo_NH_Texture.png,https://nookipedia.com/wiki/Hippeux,d8cc39,8b5f57
Holden,Holden,Hamster,Jock,,Male,June 11,June,11,Gemini,glue stick,You can solve any problem if you just stick to it!,,,,,,,high-spirits shirt,NLWa,WA,0,0,https://dodo.ac/np/images/b/b6/Holden_NLWa.png,,,https://nookipedia.com/wiki/Holden,,
Hopkins,Hopkins,Rabbit,Lazy,A,Male,March 11,March,11,Pisces,thumper,A wise mammal gives danger a wide berth.,Nature,Simple,Active,Blue,Yellow,Pondering,striped shirt,DnMe+,e+|WA|NH|PC,1,0,https://dodo.ac/np/images/c/c1/Hopkins_NH.png,https://dodo.ac/np/images/4/4b/Hopkins_NH_Villager_Icon.png,https://dodo.ac/np/images/a/ab/Hopkins%27s_Photo_NH_Texture.png,https://nookipedia.com/wiki/Hopkins,55cfff,fffce9
Hopper,Hopper,Penguin,Cranky,B,Male,April 6,April,6,Aries,slushie,Always have a comeback.,Music,Cool,Simple,Yellow,Red,Comrade K.K.,dragon suit,DnM,DnM|AC|e+|WW|CF|NL|WA|NH|PC|HHD|Film,1,0,https://dodo.ac/np/images/c/cb/Hopper_NH.png,https://dodo.ac/np/images/8/82/Hopper_NH_Villager_Icon.png,https://dodo.ac/np/images/b/b6/Hopper%27s_Photo_NH_Texture.png,https://nookipedia.com/wiki/Hopper,515151,fffce9
Hornsby,Hornsby,Rhinoceros,Lazy,A,Male,March 20,March,20,Pisces,schnozzle,You can't hit a mosquito with a horseshoe.,Nature,Simple,,Green,Brown,K.K. Lament,argyle sweater,DnM,DnM|AC|e+|WA|NH|PC,1,0,https://dodo.ac/np/images/9/95/Hornsby_NH.png,https://dodo.ac/np/images/7/77/Hornsby_NH_Villager_Icon.png,https://dodo.ac/np/images/1/16/Hornsby%27s_Photo_NH_Texture.png,https://nookipedia.com/wiki/Hornsby,0961f6,fffce9
Huck,Huck,Frog,Smug,A,Male,July 9,July,9,Cancer,hopper,Cold coffee makes for a cold demeanor.,Fitness,Simple,Cool,Green,Yellow,To the Edge,striped tank,DnM,DnM|AC|e+|WA|NH|PC,1,0,https://dodo.ac/np/images/1/17/Huck_NH.png,https://dodo.ac/np/images/c/c4/Huck_NH_Villager_Icon.png,https://dodo.ac/np/images/a/a2/Huck%27s_Photo_NH_Texture.png,https://nookipedia.com/wiki/Huck,515151,fffce9
Huggy,Huggy,Koala,Peppy,,Female,,,,Pisces,bear,,,,,,,,jade check print,DnM,DnM|AC|e+,0,0,https://dodo.ac/np/images/2/2e/Huggy_PG.png,,,https://nookipedia.com/wiki/Huggy,,
Hugh,Hugh,Pig,Lazy,B,Male,December 30,December,30,Capricorn,snortle,Keep it real. Real chill.,Play,Simple,Active,Beige,Yellow,My Place,camo tee,DnM,DnM|AC|e+|WW|CF|NL|WA|NH|PC|HHD,1,0,https://dodo.ac/np/images/b/b6/Hugh_NH.png,https://dodo.ac/np/images/b/b0/Hugh_NH_Villager_Icon.png,https://dodo.ac/np/images/e/e0/Hugh%27s_Photo_NH_Texture.png,https://nookipedia.com/wiki/Hugh,0961f6,fffce9
Iggly,Iggly,Penguin,Jock,B,Male,November 2,November,2,Scorpio,waddler,"Six of one, half dozen of the other.",Fitness,Active,Simple,Red,Blue,I Love You,rugby uniform,CF,CF|NL|WA|NH|PC|HHD,1,0,https://dodo.ac/np/images/6/68/Iggly_NH.png,https://dodo.ac/np/images/1/11/Iggly_NH_Villager_Icon.png,https://dodo.ac/np/images/f/fd/Iggly%27s_Photo_NH_Texture.png,https://nookipedia.com/wiki/Iggly,ffffff,848484
Iggy,Iggy,Goat,Jock,,Male,,,,Capricorn,paaally,,,,,,,,white ring shirt,DnM,DnM|AC|e+,0,0,https://dodo.ac/np/images/4/44/Iggy_PG.png,,,https://nookipedia.com/wiki/Iggy,,
Ike,Ike,Bear,Cranky,A,Male,May 16,May,16,Taurus,roadie,"The higher you climb, the smaller things look.",Nature,Cool,,Green,Blue,K.K. Rock,camo bomber-style jacket,DnMe+,e+|WA|NH|PC,1,0,https://dodo.ac/np/images/3/34/Ike_NH.png,https://dodo.ac/np/images/c/c9/Ike_NH_Villager_Icon.png,https://dodo.ac/np/images/7/7f/Ike%27s_Photo_NH_Texture.png,https://nookipedia.com/wiki/Ike,4c3317,fffce9
Inkwell,Inkwell,Octopus,Jock,,Male,June 2,June,2,Gemini,splat,A sucker is born every minute.,,,,,,,black anchor tee,NLWa,WA,0,0,https://dodo.ac/np/images/f/f7/Inkwell_NLWa.png,,,https://nookipedia.com/wiki/Inkwell,,
Ione,Ione,Squirrel,Normal,B,Female,September 11,September,11,Virgo,gleam,I was born under a lucky star.,Fashion,Cool,Cute,White,Black,Chillwave,astro dress,NH,NH|PC,1,0,https://dodo.ac/np/images/9/90/Ione_NH.png,https://dodo.ac/np/images/6/62/Ione_NH_Villager_Icon.png,https://dodo.ac/np/images/6/6a/Ione%27s_Photo_NH_Texture.png,https://nookipedia.com/wiki/Ione,8bcdea,fffad4
Jacob,Jacob,Bird,Lazy,A,Male,August 24,August,24,Virgo,ya feel,Your greatest strength can be your greatest weakness.,Nature,Simple,,Green,Red,K.K. Song,camo bomber-style jacket,DnMe+,e+|WA|NH|PC,1,0,https://dodo.ac/np/images/3/3e/Jacob_NH.png,https://dodo.ac/np/images/f/fa/Jacob_NH_Villager_Icon.png,https://dodo.ac/np/images/8/82/Jacob%27s_Photo_NH_Texture.png,https://nookipedia.com/wiki/Jacob,ffffff,848484
Jacques,Jacques,Bird,Smug,A,Male,June 22,June,22,Cancer,zut alors,Better to have loved and squawked than to have never loved at all.,Music,Cool,Simple,Green,Black,K.K. Technopop,puffy vest,NL,NL|WA|NH|PC|HHD,1,0,https://dodo.ac/np/images/0/03/Jacques_NH.png,https://dodo.ac/np/images/7/73/Jacques_NH_Villager_Icon.png,https://dodo.ac/np/images/4/4b/Jacques%27s_Photo_NH_Texture.png,https://nookipedia.com/wiki/Jacques,194c89,fffad4
Jambette,Jambette,Frog,Normal,B,Female,October 27,October,27,Scorpio,croak-kay,It takes more muscles to frown than smile.,Fashion,Cool,,Brown,,K.K. Cruisin',shell dress,DnM,DnM|AC|e+|CF|NL|WA|NH|PC|HHD,1,0,https://dodo.ac/np/images/3/35/Jambette_NH.png,https://dodo.ac/np/images/5/53/Jambette_NH_Villager_Icon.png,https://dodo.ac/np/images/0/06/Jambette%27s_Photo_NH_Texture.png,https://nookipedia.com/wiki/Jambette,0ca54a,fffce9
Jane,Jane,Gorilla,Snooty,,Female,,,,Sagittarius,chimp,,,,,,,,rainbow shirt,DnM,DnM|AC|e+,0,0,https://dodo.ac/np/images/0/04/Jane_PG.png,,,https://nookipedia.com/wiki/Jane,,
Jay,Jay,Bird,Jock,B,Male,July 17,July,17,Cancer,heeeeeyy,He who hesitates has lost.,Fitness,Active,,Blue,Aqua,K.K. Country,six-ball tee,DnM,DnM|AC|e+|WW|CF|NL|WA|NH|PC|HHD,1,0,https://dodo.ac/np/images/3/3b/Jay_NH_1.png,https://dodo.ac/np/images/a/ab/Jay_NH_Villager_Icon.png,https://dodo.ac/np/images/5/5d/Jay%27s_Photo_NH_Texture.png,https://nookipedia.com/wiki/Jay,6b75ce,9ae8df
Jeremiah,Jeremiah,Frog,Lazy,B,Male,July 8,July,8,Cancer,nee-deep,Sleep before you leap.,Play,Simple,,Orange,Yellow,Hypno K.K.,gingham picnic shirt,DnM,DnM|AC|e+|WW|CF|NL|WA|NH|PC|HHD,1,0,https://dodo.ac/np/images/9/93/Jeremiah_NH.png,https://dodo.ac/np/images/c/ce/Jeremiah_NH_Villager_Icon.png,https://dodo.ac/np/images/8/8b/Jeremiah%27s_Photo_NH_Texture.png,https://nookipedia.com/wiki/Jeremiah,55cfff,fffce9
Jitters,Jitters,Bird,Jock,B,Male,February 2,February,2,Aquarius,bzzert,"When you're a team of one, you're always captain!",Fitness,Active,,Yellow,Orange,K.K. Adventure,soccer-uniform top,WW,WW|CF|NL|WA|NH|PC|HHD,1,0,https://dodo.ac/np/images/a/a6/Jitters_NH.png,https://dodo.ac/np/images/5/51/Jitters_NH_Villager_Icon.png,https://dodo.ac/np/images/f/f8/Jitters%27s_Photo_NH_Texture.png,https://nookipedia.com/wiki/Jitters,78dd62,28665a
Joe,Joe,Bird,Cranky,,Male,,,,Cancer,やれやれ,,,,,,,,orange pinstripe,DnMe+,e+,0,0,https://dodo.ac/np/images/2/2d/Joe_DnMe%2B.png,,,https://nookipedia.com/wiki/Joe,,
Joey,Joey,Duck,Lazy,B,Male,January 3,January,3,Capricorn,bleeeeeck,Don't get your feathers all ruffled. Just chill.,Play,Simple,,Green,Blue,Marine Song 2001,bear tee,DnM,DnM|AC|e+|WW|CF|NL|WA|NH|PC|HHD,1,0,https://dodo.ac/np/images/6/66/Joey_NH.png,https://dodo.ac/np/images/a/a1/Joey_NH_Villager_Icon.png,https://dodo.ac/np/images/a/af/Joey%27s_Photo_NH_Texture.png,https://nookipedia.com/wiki/Joey,ffd00d,9b553a
Judy,Judy,Bear cub,Snooty,A,Female,March 10,March,10,Pisces,myohmy,I'm dancing my dreams away.,Music,Cute,Elegant,Pink,White,K.K. Lullaby,fairy-tale dress,NH,NH|PC,1,0,https://dodo.ac/np/images/d/d4/Judy_NH.png,https://dodo.ac/np/images/c/c1/Judy_NH_Villager_Icon.png,https://dodo.ac/np/images/f/f8/Judy%27s_Photo_NH_Texture.png,https://nookipedia.com/wiki/Judy,ffebff,725661
Julia,Julia,Ostrich,Snooty,A,Female,July 31,July,31,Leo,dahling,"Cut once, measure twice... Wait— reverse that.",Education,Elegant,Gorgeous,Purple,Red,K.K. Sonata,zigzag-print dress,DnMe+,e+|WA|NH|PC,1,1,https://dodo.ac/np/images/4/42/Julia_NH.png,https://dodo.ac/np/images/f/f4/Julia_NH_Villager_Icon.png,https://dodo.ac/np/images/5/51/Julia%27s_Photo_NH_Texture.png,https://nookipedia.com/wiki/Julia,0ca54a,fffce9
Julian,Julian,Horse,Smug,A,Male,March 15,March,15,Pisces,glitter,Never trot when you can prance.,Music,Gorgeous,Cool,Purple,Blue,Space K.K.,space parka,NL,NL|WA|NH|PC|HHD,1,0,https://dodo.ac/np/images/f/f2/Julian_NH.png,https://dodo.ac/np/images/2/20/Julian_NH_Villager_Icon.png,https://dodo.ac/np/images/6/61/Julian%27s_Photo_NH_Texture.png,https://nookipedia.com/wiki/Julian,3fd8e0,fffce9
June,June,Bear cub,Normal,A,Female,May 21,May,21,Gemini,rainbow,"Dream big, expect little.",Nature,Cute,Simple,White,Red,K.K. Island,hibiscus muumuu,DnM+,AC|e+|WA|NH|PC,1,1,https://dodo.ac/np/images/8/85/June_NH.png,https://dodo.ac/np/images/2/29/June_NH_Villager_Icon.png,https://dodo.ac/np/images/7/7c/June%27s_Photo_NH_Texture.png,https://nookipedia.com/wiki/June,c0ab72,fffce9
Jūbei,Jūbei,Lion,Cranky,,Male,,,,Sagittarius,いかにも,,,,,,,,thunder shirt,DnMe+,e+,0,0,https://dodo.ac/np/images/d/dd/J%C5%ABbei_DnMe%2B.png,,,https://nookipedia.com/wiki/J%C5%ABbei,,
Kabuki,Kabuki,Cat,Cranky,B,Male,November 29,November,29,Sagittarius,meooo-OH,"If you make your opponent flinch, you have already won.",Music,Simple,,Purple,Red,K.K. Jongara,kabuki-actor yukata,DnM,DnM|AC|e+|WW|CF|NL|WA|NH|PC|HHD,1,0,https://dodo.ac/np/images/2/2a/Kabuki_NH.png,https://dodo.ac/np/images/6/64/Kabuki_NH_Villager_Icon.png,https://dodo.ac/np/images/0/0f/Kabuki%27s_Photo_NH_Texture.png,https://nookipedia.com/wiki/Kabuki,ffffff,848484
Katt,Katt,Cat,Big sister,A,Female,April 27,April,27,Taurus,purrty,MeowMEOWmeow!,Music,Cool,,Purple,Black,K.K. Disco,old-school jacket,NL,NL|WA|NH|PC|HHD,1,0,https://dodo.ac/np/images/c/c9/Katt_NH.png,https://dodo.ac/np/images/1/1b/Katt_NH_Villager_Icon.png,https://dodo.ac/np/images/b/bf/Katt%27s_Photo_NH_Texture.png,https://nookipedia.com/wiki/Katt,a87850,fffce9
Keaton,Keaton,Eagle,Smug,A,Male,June 1,June,1,Gemini,wingo,"Even in a room full of fools, someone is the smartest.",Music,Gorgeous,Cool,Blue,White,Drivin',fuzzy vest,NL,NL|WA|NH|PC|HHD,1,0,https://dodo.ac/np/images/3/3b/Keaton_NH.png,https://dodo.ac/np/images/2/28/Keaton_NH_Villager_Icon.png,https://dodo.ac/np/images/b/b7/Keaton%27s_Photo_NH_Texture.png,https://nookipedia.com/wiki/Keaton,3fd8e0,fffce9
Ken,Ken,Chicken,Smug,A,Male,December 23,December,23,Capricorn,no doubt,C'est la vie!,Education,Cool,Simple,Purple,Blue,K.K. Rally,ninja costume,NL,NL|WA|NH|PC|HHD,1,0,https://dodo.ac/np/images/e/e0/Ken_NH.png,https://dodo.ac/np/images/2/26/Ken_NH_Villager_Icon.png,https://dodo.ac/np/images/e/ec/Ken%27s_Photo_NH_Texture.png,https://nookipedia.com/wiki/Ken,6b75ce,9ae8df
Ketchup,Ketchup,Duck,Peppy,A,Female,July 27,July,27,Leo,bitty,"When in doubt, eat a tomato!",Play,Cute,,Aqua,White,Neapolitan,lacy dress,DnMe+,e+|WA|NH|PC,1,0,https://dodo.ac/np/images/4/42/Ketchup_NH.png,https://dodo.ac/np/images/e/e5/Ketchup_NH_Villager_Icon.png,https://dodo.ac/np/images/b/be/Ketchup%27s_Photo_NH_Texture.png,https://nookipedia.com/wiki/Ketchup,ff4040,fffad4
Kevin,Kevin,Pig,Jock,A,Male,April 26,April,26,Taurus,weeweewee,Sometimes it's OK to get dirty.,Play,Active,Simple,Black,Red,K.K. Rockabilly,after-school jacket,NL,NL|WA|NH|PC|HHD,1,0,https://dodo.ac/np/images/7/71/Kevin_NH.png,https://dodo.ac/np/images/8/89/Kevin_NH_Villager_Icon.png,https://dodo.ac/np/images/6/64/Kevin%27s_Photo_NH_Texture.png,https://nookipedia.com/wiki/Kevin,ffaa3b,874c25
Kid_Cat,Kid Cat,Cat,Jock,B,Male,August 1,August,1,Leo,psst,Crime doesn't pay!,Fitness,Active,Simple,Red,,Go K.K. Rider,No. 1 shirt,DnMe+,e+|WW|CF|NL|WA|NH|PC|HHD,1,0,https://dodo.ac/np/images/c/c3/Kid_Cat_NH.png,https://dodo.ac/np/images/1/18/Kid_Cat_NH_Villager_Icon.png,https://dodo.ac/np/images/c/c2/Kid_Cat%27s_Photo_NH_Texture.png,https://nookipedia.com/wiki/Kid_Cat,ff4040,fffad4
Kidd,Kidd,Goat,Smug,B,Male,June 28,June,28,Cancer,wut,"Be yourself, everyone else is already taken.",Education,Elegant,Cool,Gray,White,K.K. Tango,tailored jacket,DnMe+,e+|NL|WA|NH|PC|HHD,1,1,https://dodo.ac/np/images/7/7a/Kidd_NH.png,https://dodo.ac/np/images/6/64/Kidd_NH_Villager_Icon.png,https://dodo.ac/np/images/f/f5/Kidd%27s_Photo_NH_Texture.png,https://nookipedia.com/wiki/Kidd,d9d9ff,4f5d72
Kiki,Kiki,Cat,Normal,B,Female,October 8,October,8,Libra,kitty cat,"Nothing ventured, nothing gained.",Education,Simple,,Brown,Beige,Only Me,argyle sweater,DnM,DnM|AC|e+|WW|CF|NL|WA|NH|PC|HHD,1,0,https://dodo.ac/np/images/c/c5/Kiki_NH.png,https://dodo.ac/np/images/c/cb/Kiki_NH_Villager_Icon.png,https://dodo.ac/np/images/0/05/Kiki%27s_Photo_NH_Texture.png,https://nookipedia.com/wiki/Kiki,515151,fffce9
Kit,Kit,Squirrel,Jock,,Male,,,,Libra,だキョ,,,,,,,,jagged shirt,DnMe+,e+,0,0,https://dodo.ac/np/images/c/cd/Kit_DnMe%2B.png,,,https://nookipedia.com/wiki/Kit,,
Kitt,Kitt,Kangaroo,Normal,B,Female,October 11,October,11,Libra,child,Funny parents have funny kids.,Education,Elegant,Simple,Purple,Red,Stale Cupcakes,striped halter dress,DnM,DnM|AC|e+|WW|CF|NL|WA|NH|PC|HHD,1,0,https://dodo.ac/np/images/7/75/Kitt_NH.png,https://dodo.ac/np/images/f/fe/Kitt_NH_Villager_Icon.png,https://dodo.ac/np/images/d/d8/Kitt%27s_Photo_NH_Texture.png,https://nookipedia.com/wiki/Kitt,c0ab72,fffce9
Kitty,Kitty,Cat,Snooty,B,Female,February 15,February,15,Aquarius,mrowrr,"If you want something done well, do it yourself.",Fashion,Elegant,Gorgeous,Green,Gray,K.K. Chorale,loose fall dress,DnM,DnM|AC|e+|CF|NL|WA|NH|PC|HHD,1,0,https://dodo.ac/np/images/2/21/Kitty_NH.png,https://dodo.ac/np/images/a/a4/Kitty_NH_Villager_Icon.png,https://dodo.ac/np/images/7/74/Kitty%27s_Photo_NH_Texture.png,https://nookipedia.com/wiki/Kitty,c0ab72,fffce9
Klaus,Klaus,Bear,Smug,A,Male,March 31,March,31,Aries,strudel,Pride goes before a fall.,Education,Simple,,Gray,White,K.K. Sonata,toga,NL,NL|WA|NH|PC|HHD,1,0,https://dodo.ac/np/images/5/5c/Klaus_NH.png,https://dodo.ac/np/images/2/20/Klaus_NH_Villager_Icon.png,https://dodo.ac/np/images/1/16/Klaus%27s_Photo_NH_Texture.png,https://nookipedia.com/wiki/Klaus,acc8cf,498992
Knox,Knox,Chicken,Cranky,B,Male,November 23,November,23,Sagittarius,cluckling,A chicken's coop is its castle.,Education,Elegant,Gorgeous,Brown,Red,K.K. Chorale,cavalier shirt,CF,CF|NL|WA|NH|PC|HHD,1,0,https://dodo.ac/np/images/0/03/Knox_NH.png,https://dodo.ac/np/images/4/40/Knox_NH_Villager_Icon.png,https://dodo.ac/np/images/d/d4/Knox%27s_Photo_NH_Texture.png,https://nookipedia.com/wiki/Knox,d8cc39,8b5f57
Kody,Kody,Bear cub,Jock,B,Male,September 28,September,28,Libra,grah grah,The sky's the limit!,Fitness,Active,Simple,Colorful,White,My Place,western shirt,DnM,DnM|AC|e+|WW|CF|NL|WA|NH|PC|HHD,1,0,https://dodo.ac/np/images/2/20/Kody_NH.png,https://dodo.ac/np/images/d/d3/Kody_NH_Villager_Icon.png,https://dodo.ac/np/images/6/65/Kody%27s_Photo_NH_Texture.png,https://nookipedia.com/wiki/Kody,55cfff,fffce9
Koharu,Koharu,Kangaroo,Peppy,,Female,,,,Libra,ちょいと,,,,,,,,red aloha shirt,DnMe+,e+,0,1,https://dodo.ac/np/images/e/ef/Koharu_DnMe%2B.png,,,https://nookipedia.com/wiki/Koharu,,
Kyle,Kyle,Wolf,Smug,A,Male,December 6,December,6,Sagittarius,alpha,Never trust a sheep in wolf's clothing.,Music,Gorgeous,Cool,Black,White,K.K. Metal,gilet and shirt,NL,NL|WA|NH|PC|HHD,1,0,https://dodo.ac/np/images/4/46/Kyle_NH.png,https://dodo.ac/np/images/4/44/Kyle_NH_Villager_Icon.png,https://dodo.ac/np/images/d/dc/Kyle%27s_Photo_NH_Texture.png,https://nookipedia.com/wiki/Kyle,e8b010,fffce9
Leigh,Leigh,Chicken,Peppy,,Female,,,,Sagittarius,cutie,,,,,,,,puzzling shirt,DnM,DnM|AC|e+,0,0,https://dodo.ac/np/images/1/11/Leigh_PG.png,,,https://nookipedia.com/wiki/Leigh,,
Leonardo,Leonardo,Tiger,Jock,B,Male,May 15,May,15,Taurus,flexin',That's the way the energy bar crumbles.,Fitness,Active,Gorgeous,Red,Blue,K.K. Metal,hawk jacket,DnMe+,e+|NL|WA|NH|PC|HHD,1,0,https://dodo.ac/np/images/0/0a/Leonardo_NH.png,https://dodo.ac/np/images/c/ca/Leonardo_NH_Villager_Icon.png,https://dodo.ac/np/images/f/f0/Leonardo%27s_Photo_NH_Texture.png,https://nookipedia.com/wiki/Leonardo,ffd00d,9b553a
Leopold,Leopold,Lion,Smug,A,Male,August 14,August,14,Leo,lion cub,"The bigger the fish, the bigger your dinner.",Education,Elegant,Gorgeous,Purple,Green,Mr. K.K.,tennis sweater,DnM,DnM|AC|e+|WA|NH|PC,1,0,https://dodo.ac/np/images/3/3a/Leopold_NH.png,https://dodo.ac/np/images/7/72/Leopold_NH_Villager_Icon.png,https://dodo.ac/np/images/c/c8/Leopold%27s_Photo_NH_Texture.png,https://nookipedia.com/wiki/Leopold,e4b887,fffce9
Lily,Lily,Frog,Normal,B,Female,February 4,February,4,Aquarius,toady,Don't jump to conclusions!,Education,Cute,Simple,White,Yellow,Farewell,tropical muumuu,DnM,DnM|AC|e+|WW|CF|NL|WA|NH|PC|HHD,1,0,https://dodo.ac/np/images/4/42/Lily_NH.png,https://dodo.ac/np/images/f/f4/Lily_NH_Villager_Icon.png,https://dodo.ac/np/images/e/ef/Lily%27s_Photo_NH_Texture.png,https://nookipedia.com/wiki/Lily,00d1bd,fffce9
Limberg,Limberg,Mouse,Cranky,B,Male,October 17,October,17,Libra,squinky,Don't build a better mousetrap.,Education,Simple,Cool,Green,Blue,K.K. Folk,hanten jacket,DnM,DnM|AC|e+|WW|CF|NL|WA|NH|PC|HHD,1,0,https://dodo.ac/np/images/b/b0/Limberg_NH.png,https://dodo.ac/np/images/2/21/Limberg_NH_Villager_Icon.png,https://dodo.ac/np/images/8/85/Limberg%27s_Photo_NH_Texture.png,https://nookipedia.com/wiki/Limberg,ffaa3b,874c25
Lionel,Lionel,Lion,Smug,A,Male,July 29,July,29,Leo,precisely,Love is blind.,Music,Gorgeous,Active,Green,Gray,K.K. Moody,noble coat,NL,NL|WA|NH|PC|HHD,1,0,https://dodo.ac/np/images/b/bb/Lionel_NH.png,https://dodo.ac/np/images/f/f4/Lionel_NH_Villager_Icon.png,https://dodo.ac/np/images/1/10/Lionel%27s_Photo_NH_Texture.png,https://nookipedia.com/wiki/Lionel,e4b887,fffce9
Liz,Liz,Alligator,Normal,,Female,,,,Virgo,groonch,,,,,,,,diamond shirt,DnM,DnM|AC|e+,0,0,https://dodo.ac/np/images/8/8e/Liz_PG.png,,,https://nookipedia.com/wiki/Liz,,
Lobo,Lobo,Wolf,Cranky,B,Male,November 5,November,5,Scorpio,ah-rooooo,"If it's not one thing, it's another.",Education,Cool,Active,Black,Beige,K.K. Rock,bomber-style jacket,DnM,DnM|AC|e+|WW|CF|NL|WA|NH|PC|HHD,1,0,https://dodo.ac/np/images/d/d1/Lobo_NH.png,https://dodo.ac/np/images/0/01/Lobo_NH_Villager_Icon.png,https://dodo.ac/np/images/c/c1/Lobo%27s_Photo_NH_Texture.png,https://nookipedia.com/wiki/Lobo,735200000000,fffce9
Lolly,Lolly,Cat,Normal,B,Female,March 27,March,27,Aries,bonbon,Laughter is the best medicine.,Music,Simple,,Gray,Pink,Forest Life,snowy sweater,DnMe+,e+|CF|NL|WA|NH|PC|HHD,1,0,https://dodo.ac/np/images/1/16/Lolly_NH.png,https://dodo.ac/np/images/6/6c/Lolly_NH_Villager_Icon.png,https://dodo.ac/np/images/1/13/Lolly%27s_Photo_NH_Texture.png,https://nookipedia.com/wiki/Lolly,bff2ff,85a2af
Lopez,Lopez,Deer,Smug,A,Male,August 20,August,20,Leo,badoom,Always look both ways before crossing the street.,Education,Gorgeous,,Gray,,K.K. Jazz,Chimayo vest,NL,NL|WA|NH|PC|HHD,1,0,https://dodo.ac/np/images/5/53/Lopez_NH.png,https://dodo.ac/np/images/5/54/Lopez_NH_Villager_Icon.png,https://dodo.ac/np/images/7/79/Lopez%27s_Photo_NH_Texture.png,https://nookipedia.com/wiki/Lopez,e8b010,fffce9
Louie,Louie,Gorilla,Jock,A,Male,March 26,March,26,Aries,hoo hoo ha,It's all about the muscle.,Fitness,Active,Simple,Gray,Red,K.K. Fusion,muscle tank,DnM,DnM|AC|e+|WA|NH|PC|HHD,1,0,https://dodo.ac/np/images/5/5a/Louie_NH.png,https://dodo.ac/np/images/1/10/Louie_NH_Villager_Icon.png,https://dodo.ac/np/images/0/08/Louie%27s_Photo_NH_Texture.png,https://nookipedia.com/wiki/Louie,d86808,fffce9
Lucha,Lucha,Bird,Smug,A,Male,December 12,December,12,Sagittarius,cacaw,"Birds of a feather, et cetera, et cetera...",Fitness,Active,Cool,Black,Gray,K.K. Western,athletic jacket,NL,NL|WA|NH|PC|HHD,1,0,https://dodo.ac/np/images/4/4a/Lucha_NH.png,https://dodo.ac/np/images/5/5d/Lucha_NH_Villager_Icon.png,https://dodo.ac/np/images/1/1a/Lucha%27s_Photo_NH_Texture.png,https://nookipedia.com/wiki/Lucha,ff4040,fffad4
Lucky,Lucky,Dog,Lazy,B,Male,November 4,November,4,Scorpio,rrr-owch,Don't bite the hand that feeds you.,Play,Simple,,Beige,White,K.K. Dirge,open-collar shirt,DnM,DnM|AC|e+|WW|CF|NL|WA|NH|PC|HHD,1,0,https://dodo.ac/np/images/5/59/Lucky_NH.png,https://dodo.ac/np/images/1/13/Lucky_NH_Villager_Icon.png,https://dodo.ac/np/images/7/7e/Lucky%27s_Photo_NH_Texture.png,https://nookipedia.com/wiki/Lucky,ffffff,848484
Lucy,Lucy,Pig,Normal,B,Female,June 2,June,2,Gemini,snoooink,The best is yet to come.,Music,Cute,Elegant,Pink,Red,K.K. Sonata,frilly dress,DnM,DnM|AC|e+|WW|CF|NL|WA|NH|PC|HHD,1,0,https://dodo.ac/np/images/e/e5/Lucy_NH.png,https://dodo.ac/np/images/b/ba/Lucy_NH_Villager_Icon.png,https://dodo.ac/np/images/1/1c/Lucy%27s_Photo_NH_Texture.png,https://nookipedia.com/wiki/Lucy,ffffff,848484
Lulu,Lulu,Hippo,Peppy,,Female,,,,Sagittarius,yaaaawl,,,,,,,,flowery shirt,DnM,DnM|AC|e+,0,0,https://dodo.ac/np/images/e/ed/Lulu_PG.png,,,https://nookipedia.com/wiki/Lulu,,
Lulu_(anteater),Lulu,Anteater,Snooty,,Female,,,,Pisces,あらあら,,,,,,,,red aloha shirt,DnMe+,e+,0,1,https://dodo.ac/np/images/d/d2/Lulu_DnMe%2B.png,,,https://nookipedia.com/wiki/Lulu_(anteater),,
Lyman,Lyman,Koala,Jock,A,Male,October 12,October,12,Libra,chips,Eucalyptus is the spice of life.,Play,Simple,Active,Aqua,Yellow,K.K. Safari,vertical-stripes shirt,NL,NL|WA|NH|PC|HHD,1,0,https://dodo.ac/np/images/a/a5/Lyman_NH.png,https://dodo.ac/np/images/a/a4/Lyman_NH_Villager_Icon.png,https://dodo.ac/np/images/1/19/Lyman%27s_Photo_NH_Texture.png,https://nookipedia.com/wiki/Lyman,a8e989,8.78e+88
Mac,Mac,Dog,Jock,B,Male,November 11,November,11,Scorpio,woo woof,Sometimes life is rough.,Fitness,Active,Cool,Red,Black,My Place,raglan shirt,CF,CF|NL|WA|NH|PC|HHD,1,0,https://dodo.ac/np/images/a/ab/Mac_NH.png,https://dodo.ac/np/images/b/b3/Mac_NH_Villager_Icon.png,https://dodo.ac/np/images/0/01/Mac%27s_Photo_NH_Texture.png,https://nookipedia.com/wiki/Mac,e8b010,fffce9
Madam_Rosa,Madam Rosa,Bird,Snooty,,Female,,,,Scorpio,ほほほ,,,,,,,,red aloha shirt,DnMe+,e+,0,1,https://dodo.ac/np/images/b/b9/Madam_Rosa_DnMe%2B.png,,,https://nookipedia.com/wiki/Madam_Rosa,,
Maddie,Maddie,Dog,Peppy,A,Female,January 11,January,11,Capricorn,yippee,The IT revolution is under way.,Play,Simple,Cute,Purple,Pink,K.K. Stroll,layered sleeveless dress,DnM,DnM|AC|e+|WA|NH|PC|HHD,1,0,https://dodo.ac/np/images/0/06/Maddie_NH.png,https://dodo.ac/np/images/b/bb/Maddie_NH_Villager_Icon.png,https://dodo.ac/np/images/e/e4/Maddie%27s_Photo_NH_Texture.png,https://nookipedia.com/wiki/Maddie,e8b010,fffce9
Maelle,Maelle,Duck,Snooty,B,Female,April 8,April,8,Aries,duckling,A wise duck takes care of its bill.,Fashion,Cool,Simple,Pink,White,Café K.K.,flower sweater,DnM+,AC|e+|WW|CF|NL|WA|NH|PC|HHD,1,1,https://dodo.ac/np/images/9/93/Maelle_NH.png,https://dodo.ac/np/images/c/c2/Maelle_NH_Villager_Icon.png,https://dodo.ac/np/images/a/ab/Maelle%27s_Photo_NH_Texture.png,https://nookipedia.com/wiki/Maelle,ffd00d,9b553a
Maggie,Maggie,Pig,Normal,A,Female,September 3,September,3,Virgo,schep,All a plant needs is love...and sun and water and soil.,Nature,Cute,Elegant,Green,Yellow,Drivin',pintuck-pleated dress,DnMe+,e+|WA|NH|PC,1,0,https://dodo.ac/np/images/b/b8/Maggie_NH.png,https://dodo.ac/np/images/8/8a/Maggie_NH_Villager_Icon.png,https://dodo.ac/np/images/e/eb/Maggie%27s_Photo_NH_Texture.png,https://nookipedia.com/wiki/Maggie,ffd00d,9b553a
Mallary,Mallary,Duck,Snooty,B,Female,November 17,November,17,Scorpio,quackpth,Purple is the color of royalty.,Fashion,Cool,Gorgeous,Blue,White,K.K. Bossa,striped shirt,DnM,DnM|AC|e+|WW|CF|NL|WA|NH|PC|HHD,1,0,https://dodo.ac/np/images/2/28/Mallary_NH.png,https://dodo.ac/np/images/0/02/Mallary_NH_Villager_Icon.png,https://dodo.ac/np/images/6/6a/Mallary%27s_Photo_NH_Texture.png,https://nookipedia.com/wiki/Mallary,a06fce,fffce9
Maple,Maple,Bear cub,Normal,B,Female,June 15,June,15,Gemini,honey,"Waste not, want not.",Education,Simple,Cute,Beige,Green,Forest Life,tree sweater,DnM,DnM|AC|e+|WW|CF|NL|WA|NH|PC|HHD,1,0,https://dodo.ac/np/images/a/a2/Maple_NH.png,https://dodo.ac/np/images/4/45/Maple_NH_Villager_Icon.png,https://dodo.ac/np/images/6/6d/Maple%27s_Photo_NH_Texture.png,https://nookipedia.com/wiki/Maple,a87850,fffce9
Marcel,Marcel,Dog,Lazy,B,Male,December 31,December,31,Capricorn,non,There's not a dog so bad that he won't wag his tail.,Play,Simple,Cool,Green,Blue,Comrade K.K.,sea hanten shirt,CF,CF|NL|WA|NH|PC|HHD,1,0,https://dodo.ac/np/images/3/3e/Marcel_NH.png,https://dodo.ac/np/images/a/a7/Marcel_NH_Villager_Icon.png,https://dodo.ac/np/images/3/31/Marcel%27s_Photo_NH_Texture.png,https://nookipedia.com/wiki/Marcel,ffffff,848484
Marcie,Marcie,Kangaroo,Normal,A,Female,May 31,May,31,Gemini,pouches,The road to a friend's house is never long.,Nature,Cute,Elegant,Pink,Beige,K.K. Aria,heart apron,NL,NL|WA|NH|PC|HHD,1,0,https://dodo.ac/np/images/2/2b/Marcie_NH.png,https://dodo.ac/np/images/d/d5/Marcie_NH_Villager_Icon.png,https://dodo.ac/np/images/3/30/Marcie%27s_Photo_NH_Texture.png,https://nookipedia.com/wiki/Marcie,f993ce,fffce9
Marcy,Marcy,Kangaroo,Peppy,,Female,,,,Cancer,young 'un,,,,,,,,snowcone shirt,DnM,DnM|AC|e+,0,0,https://dodo.ac/np/images/4/4d/Marcy_PG.png,,,https://nookipedia.com/wiki/Marcy,,
Margie,Margie,Elephant,Normal,B,Female,January 28,January,28,Aquarius,tootie,Keep your feet on the ground.,Education,Elegant,Cute,Pink,Red,K.K. Marathon,silk floral-print shirt,DnMe+,e+|WW|CF|NL|WA|NH|PC|HHD|Film,1,0,https://dodo.ac/np/images/5/54/Margie_NH.png,https://dodo.ac/np/images/8/8a/Margie_NH_Villager_Icon.png,https://dodo.ac/np/images/1/1c/Margie%27s_Photo_NH_Texture.png,https://nookipedia.com/wiki/Margie,ffffff,848484
Marina,Marina,Octopus,Normal,B,Female,June 26,June,26,Cancer,blurp,"If you can't say something nice, don't say anything at all.",Music,Cute,,Pink,Red,Soulful K.K.,dreamy sweater,DnMe+,e+|WW|CF|NL|WA|NH|PC|HHD,1,1,https://dodo.ac/np/images/2/25/Marina_NH.png,https://dodo.ac/np/images/0/0f/Marina_NH_Villager_Icon.png,https://dodo.ac/np/images/3/3b/Marina%27s_Photo_NH_Texture.png,https://nookipedia.com/wiki/Marina,f993ce,fffce9
Marlo,Marlo,Hamster,Cranky,B,Male,June 26,June,26,Cancer,gabeesh,You gotta walk the walk if you're gonna talk the talk.,Education,Cool,Gorgeous,Black,Brown,K.K. Break,doublet,NH,NH|PC,1,0,https://dodo.ac/np/images/c/c1/Marlo_amiibo.png,https://dodo.ac/np/images/0/03/Marlo_NH_Villager_Icon.png,https://dodo.ac/np/images/6/6b/Marlo%27s_Photo_NH_Texture.png,https://nookipedia.com/wiki/Marlo,515151,fffce9
Marshal,Marshal,Squirrel,Smug,A,Male,September 29,September,29,Libra,sulky,Seize the day.,Music,Elegant,Cool,Aqua,Blue,K.K. Bossa,puffy vest,NL,NL|WA|NH|PC|HHD,1,0,https://dodo.ac/np/images/d/da/Marshal_NH.png,https://dodo.ac/np/images/9/99/Marshal_NH_Villager_Icon.png,https://dodo.ac/np/images/e/e6/Marshal%27s_Photo_NH_Texture.png,https://nookipedia.com/wiki/Marshal,ffffff,848484
Marty,Marty,Bear cub,Lazy,A,Male,April 16,April,16,Aries,pompom,Just wait until I get started!,Play,Cute,Elegant,Brown,Yellow,My Place,Pompompurin tee,NLWa,WA|NH|PC,1,0,https://dodo.ac/np/images/a/a9/Marty_PC.png,https://dodo.ac/np/images/0/08/Marty_NH_Villager_Icon.png,https://dodo.ac/np/images/7/74/Marty%27s_Photo_NH_Texture.png,https://nookipedia.com/wiki/Marty,f8e880,9a543a
Masa,Masa,Dog,Jock,,Male,,,,Pisces,てもんだ,,,,,,,,blue aloha shirt,DnMe+,e+,0,1,https://dodo.ac/np/images/0/0a/Masa_DnMe%2B.png,,,https://nookipedia.com/wiki/Masa,,
Mathilda,Mathilda,Kangaroo,Snooty,B,Female,November 12,November,12,Scorpio,wee baby,Nail polish is thicker than water.,Fitness,Cool,Gorgeous,White,Red,K.K. Chorale,sleeveless sweater dress,DnM,DnM|AC|e+|WW|CF|NL|WA|NH|PC|HHD,1,0,https://dodo.ac/np/images/5/58/Mathilda_NH.png,https://dodo.ac/np/images/7/7f/Mathilda_NH_Villager_Icon.png,https://dodo.ac/np/images/2/2c/Mathilda%27s_Photo_NH_Texture.png,https://nookipedia.com/wiki/Mathilda,515151,fffce9
Medli,Medli,Bird,Normal,,Female,December 13,December,13,Sagittarius,gimme,A bird on the wing is worth two on the ground.,,,,,,,Medli outfit,NLWa,WA,0,0,https://dodo.ac/np/images/f/f5/Medli_NLWa.png,,,https://nookipedia.com/wiki/Medli,,
Megan,Megan,Bear,Normal,A,Female,March 13,March,13,Pisces,sundae,"Take a page out of someone else's book, if it's a good book.",Nature,Cute,Simple,Yellow,Aqua,Forest Life,dollhouse dress,NH,NH|PC,1,0,https://dodo.ac/np/images/7/72/Megan_NH_1.png,https://dodo.ac/np/images/6/66/Megan_NH_Villager_Icon.png,https://dodo.ac/np/images/7/7d/Megan%27s_Photo_NH_Texture.png,https://nookipedia.com/wiki/Megan,ec7efc,fffce9
Megumi,Megumi,Dog,Peppy,,Female,,,,Aries,きゅん,,,,,,,,berry gingham,DnMe+,e+,0,0,https://dodo.ac/np/images/6/67/Megumi_DnMe%2B.png,,,https://nookipedia.com/wiki/Megumi,,
Melba,Melba,Koala,Normal,B,Female,April 12,April,12,Aries,toasty,A friend who shares is a friend who cares.,Education,Cute,,White,Green,K.K. Stroll,plaid-print dress,WW,WW|CF|NL|WA|NH|PC|HHD,1,0,https://dodo.ac/np/images/4/43/Melba_NH.png,https://dodo.ac/np/images/0/0a/Melba_NH_Villager_Icon.png,https://dodo.ac/np/images/f/f9/Melba%27s_Photo_NH_Texture.png,https://nookipedia.com/wiki/Melba,e4b887,fffce9
Meow,Meow,Cat,Peppy,,Female,,,,Virgo,ミャウ,,,,,,,,blossom shirt,DnMe+,e+,0,0,https://dodo.ac/np/images/5/54/Meow_DnMe%2B.png,,,https://nookipedia.com/wiki/Meow,,
Merengue,Merengue,Rhinoceros,Normal,A,Female,March 19,March,19,Pisces,shortcake,Life is a piece of cake.,Nature,Cute,Simple,White,Red,K.K. Ballad,chef's outfit,NL,NL|WA|NH|PC|HHD,1,0,https://dodo.ac/np/images/0/0c/Merengue_NH.png,https://dodo.ac/np/images/e/e8/Merengue_NH_Villager_Icon.png,https://dodo.ac/np/images/3/30/Merengue%27s_Photo_NH_Texture.png,https://nookipedia.com/wiki/Merengue,f2bdc7,634b4b
Merry,Merry,Cat,Peppy,B,Female,June 29,June,29,Cancer,mweee,A smile increases your face value.,Fashion,Cute,,Pink,Aqua,Neapolitan,dreamy sweater,DnMe+,e+|CF|NL|WA|NH|PC|HHD,1,0,https://dodo.ac/np/images/4/4f/Merry_NH.png,https://dodo.ac/np/images/e/ed/Merry_NH_Villager_Icon.png,https://dodo.ac/np/images/a/ad/Merry%27s_Photo_NH_Texture.png,https://nookipedia.com/wiki/Merry,fff98f,879b96
Midge,Midge,Bird,Normal,B,Female,March 12,March,12,Pisces,tweedledee,"When the world gets cold, just fly south.",Education,Cute,Simple,Pink,,K.K. Stroll,silk shirt,DnM,DnM|AC|e+|CF|NL|WA|NH|PC|HHD,1,0,https://dodo.ac/np/images/a/af/Midge_NH.png,https://dodo.ac/np/images/0/0f/Midge_NH_Villager_Icon.png,https://dodo.ac/np/images/a/a0/Midge%27s_Photo_NH_Texture.png,https://nookipedia.com/wiki/Midge,ec7efc,fffce9
Mineru,Mineru,Deer,Snooty,A,Female,May 12,May,12,Taurus,construct,I'll be there in spirit.,Education,Elegant,Cool,Purple,Green,Only Me,Mineru costume,NH,NH,1,0,https://dodo.ac/np/images/d/d2/Mineru_NH.png,https://dodo.ac/np/images/d/d5/Mineru_NH_Villager_Icon.png,https://dodo.ac/np/images/b/bb/Mineru%27s_Photo_NH_Texture.png,https://nookipedia.com/wiki/Mineru,94a788,eaf1d4
Mint,Mint,Squirrel,Snooty,B,Female,May 2,May,2,Taurus,ahhhhhh,Always lead by example.,Fashion,Gorgeous,Cute,Pink,Purple,K.K. Soul,gumdrop dress,DnM,DnM|AC|e+|WW|CF|NL|WA|NH|PC|HHD,1,0,https://dodo.ac/np/images/5/5b/Mint_NH.png,https://dodo.ac/np/images/b/bf/Mint_NH_Villager_Icon.png,https://dodo.ac/np/images/d/d5/Mint%27s_Photo_NH_Texture.png,https://nookipedia.com/wiki/Mint,87e0a9,219479
Mira,Mira,Rabbit,Big sister,A,Female,July 6,July,6,Cancer,cottontail,Always help a friend in need.,Fitness,Active,Cool,Red,Yellow,Go K.K. Rider,noble zap suit,NL,NL|WA|NH|PC|HHD,1,0,https://dodo.ac/np/images/d/d1/Mira_NH.png,https://dodo.ac/np/images/4/44/Mira_NH_Villager_Icon.png,https://dodo.ac/np/images/d/da/Mira%27s_Photo_NH_Texture.png,https://nookipedia.com/wiki/Mira,fff80d,9b8986
Miranda,Miranda,Duck,Snooty,B,Female,April 23,April,23,Taurus,quackulous,"If the world is flooded, it will be easy for the duck.",Fashion,Elegant,Gorgeous,Blue,Purple,K.K. Sonata,sleeveless shirtdress,DnMe+,e+|CF|NL|WA|NH|PC|HHD,1,0,https://dodo.ac/np/images/8/8c/Miranda_NH.png,https://dodo.ac/np/images/8/83/Miranda_NH_Villager_Icon.png,https://dodo.ac/np/images/8/88/Miranda%27s_Photo_NH_Texture.png,https://nookipedia.com/wiki/Miranda,ec7efc,fffce9
Mitzi,Mitzi,Cat,Normal,B,Female,September 25,September,25,Libra,mew,Practice makes purrrfect!,Education,Simple,,Brown,Beige,K.K. Love Song,gumdrop dress,DnM,DnM|AC|e+|WW|CF|NL|WA|NH|PC|HHD,1,0,https://dodo.ac/np/images/6/63/Mitzi_NH.png,https://dodo.ac/np/images/6/67/Mitzi_NH_Villager_Icon.png,https://dodo.ac/np/images/0/04/Mitzi%27s_Photo_NH_Texture.png,https://nookipedia.com/wiki/Mitzi,7fa9ff,fffce9
Moe,Moe,Cat,Lazy,B,Male,January 12,January,12,Capricorn,myawn,Ignorance is bliss.,Play,Active,Simple,Black,Gray,Two Days Ago,simple parka,DnMe+,e+|WW|CF|NL|WA|NH|PC|HHD,1,0,https://dodo.ac/np/images/a/a4/Moe_NH.png,https://dodo.ac/np/images/0/03/Moe_NH_Villager_Icon.png,https://dodo.ac/np/images/7/76/Moe%27s_Photo_NH_Texture.png,https://nookipedia.com/wiki/Moe,0961f6,fffce9
Molly,Molly,Duck,Normal,A,Female,March 7,March,7,Pisces,quackidee,Like water off a duck's back.,Nature,Cute,Simple,Yellow,Pink,K.K. Ballad,pintuck-pleated dress,NL,NL|WA|NH|PC|HHD,1,0,https://dodo.ac/np/images/2/29/Molly_NH.png,https://dodo.ac/np/images/d/d8/Molly_NH_Villager_Icon.png,https://dodo.ac/np/images/4/41/Molly%27s_Photo_NH_Texture.png,https://nookipedia.com/wiki/Molly,e8b010,fffce9
Monique,Monique,Cat,Snooty,B,Female,September 30,September,30,Libra,pffffft,All publicity is good publicity!,Fashion,Gorgeous,Elegant,Purple,Pink,K.K. Cruisin',flapper dress,DnM,DnM|AC|e+|WW|CF|NL|WA|NH|PC|HHD,1,0,https://dodo.ac/np/images/c/cc/Monique_NH.png,https://dodo.ac/np/images/2/22/Monique_NH_Villager_Icon.png,https://dodo.ac/np/images/c/ca/Monique%27s_Photo_NH_Texture.png,https://nookipedia.com/wiki/Monique,fff98f,879b96
Monty,Monty,Monkey,Cranky,B,Male,December 7,December,7,Sagittarius,g'tang,No news is good news.,Education,Cool,,Yellow,Gray,To the Edge,guayabera shirt,WW,WW|CF|NL|WA|NH|PC|HHD,1,0,https://dodo.ac/np/images/d/d7/Monty_NH.png,https://dodo.ac/np/images/1/15/Monty_NH_Villager_Icon.png,https://dodo.ac/np/images/8/83/Monty%27s_Photo_NH_Texture.png,https://nookipedia.com/wiki/Monty,acc8cf,498992
Moose,Moose,Mouse,Jock,B,Male,September 13,September,13,Virgo,shorty,A cornered rat will summon the courage to bite a cat.,Fitness,Cool,Gorgeous,Purple,Red,K.K. Rockabilly,big-star tee,CF,CF|NL|WA|NH|PC|HHD,1,0,https://dodo.ac/np/images/e/ee/Moose_NH.png,https://dodo.ac/np/images/4/47/Moose_NH_Villager_Icon.png,https://dodo.ac/np/images/2/2b/Moose%27s_Photo_NH_Texture.png,https://nookipedia.com/wiki/Moose,7fa9ff,fffce9
Mott,Mott,Lion,Jock,B,Male,July 10,July,10,Cancer,cagey,The lion's share goes to the lion.,Fitness,Active,Elegant,Blue,Green,K.K. Fusion,college cardigan,CF,CF|NL|WA|NH|PC|HHD,1,0,https://dodo.ac/np/images/b/b8/Mott_NH.png,https://dodo.ac/np/images/4/40/Mott_NH_Villager_Icon.png,https://dodo.ac/np/images/8/88/Mott%27s_Photo_NH_Texture.png,https://nookipedia.com/wiki/Mott,d8cc39,8b5f57
Muffy,Muffy,Sheep,Big sister,A,Female,February 14,February,14,Aquarius,nightshade,There's a black sheep in every family.,Music,Gorgeous,Elegant,Black,Purple,K.K. Sonata,ruffled dress,NL,NL|WA|NH|PC|HHD,1,0,https://dodo.ac/np/images/1/16/Muffy_NH.png,https://dodo.ac/np/images/7/73/Muffy_NH_Villager_Icon.png,https://dodo.ac/np/images/e/e5/Muffy%27s_Photo_NH_Texture.png,https://nookipedia.com/wiki/Muffy,515151,fffce9
Murphy,Murphy,Bear cub,Cranky,A,Male,December 29,December,29,Capricorn,malarkey,"More money, more problems.",Education,Simple,Cool,Blue,White,K.K. Safari,puffy vest,DnM,DnM|AC|e+|WA|NH|PC,1,0,https://dodo.ac/np/images/7/7c/Murphy_NH.png,https://dodo.ac/np/images/9/93/Murphy_NH_Villager_Icon.png,https://dodo.ac/np/images/c/cc/Murphy%27s_Photo_NH_Texture.png,https://nookipedia.com/wiki/Murphy,78dd62,28665a
Nan,Nan,Goat,Normal,B,Female,August 24,August,24,Virgo,kid,Nanny-nanny boo-boo!,Nature,Simple,Elegant,Orange,Yellow,K.K. Étude,tweed dress,DnMe+,e+|WW|CF|NL|WA|NH|PC|HHD,1,0,https://dodo.ac/np/images/b/b8/Nan_NH.png,https://dodo.ac/np/images/d/df/Nan_NH_Villager_Icon.png,https://dodo.ac/np/images/2/24/Nan%27s_Photo_NH_Texture.png,https://nookipedia.com/wiki/Nan,515151,fffce9
Nana,Nana,Monkey,Normal,B,Female,August 23,August,23,Virgo,po po,Bread always falls peanut-butter side down.,Education,Cute,,Pink,White,K.K. Ballad,pom-pom sweater,WW,WW|CF|NL|WA|NH|PC|HHD,1,0,https://dodo.ac/np/images/b/b1/Nana_NH.png,https://dodo.ac/np/images/2/26/Nana_NH_Villager_Icon.png,https://dodo.ac/np/images/4/46/Nana%27s_Photo_NH_Texture.png,https://nookipedia.com/wiki/Nana,ec7efc,fffce9
Naomi,Naomi,Cow,Snooty,A,Female,February 28,February,28,Pisces,moolah,Moo like there's no tomorrow.,Fashion,Elegant,Gorgeous,Colorful,Purple,K.K. Milonga,marble-print dress,NL,NL|WA|NH|PC|HHD,1,0,https://dodo.ac/np/images/f/f6/Naomi_NH.png,https://dodo.ac/np/images/a/a8/Naomi_NH_Villager_Icon.png,https://dodo.ac/np/images/0/0d/Naomi%27s_Photo_NH_Texture.png,https://nookipedia.com/wiki/Naomi,3fd8e0,fffce9
Nate,Nate,Bear,Lazy,B,Male,August 16,August,16,Leo,yawwwn,Be true to yourself.,Play,Simple,,White,Green,Forest Life,reindeer sweater,DnM,DnM|AC|e+|CF|NL|WA|NH|PC|HHD,1,0,https://dodo.ac/np/images/5/55/Nate_NH.png,https://dodo.ac/np/images/7/72/Nate_NH_Villager_Icon.png,https://dodo.ac/np/images/c/c0/Nate%27s_Photo_NH_Texture.png,https://nookipedia.com/wiki/Nate,e8b010,fffce9
Nibbles,Nibbles,Squirrel,Peppy,B,Female,July 19,July,19,Cancer,niblet,"Appearances are, like, totally deceiving.",Fashion,Cute,Active,Red,Yellow,K.K. Disco,watermelon dress,DnM,DnM|AC|e+|WW|CF|NL|WA|NH|PC|HHD,1,0,https://dodo.ac/np/images/9/97/Nibbles_NH.png,https://dodo.ac/np/images/2/26/Nibbles_NH_Villager_Icon.png,https://dodo.ac/np/images/7/76/Nibbles%27s_Photo_NH_Texture.png,https://nookipedia.com/wiki/Nibbles,00d1bd,fffce9
Nindori,Nindori,Ostrich,Jock,,Male,September 14,September,14,Virgo,ドクソウ,,,,,,,,G logo shirt,DnMe+,e+,0,0,https://dodo.ac/np/images/6/68/Nindori_DnMe%2B.png,,,https://nookipedia.com/wiki/Nindori,,
Norma,Norma,Cow,Normal,A,Female,September 20,September,20,Virgo,hoof hoo,"If you want what you have, then you'll have what you want.",Nature,Cute,Simple,White,Aqua,Mountain Song,plaid-print dress,DnMe+,e+|WA|NH|PC,1,1,https://dodo.ac/np/images/e/e7/Norma_NH.png,https://dodo.ac/np/images/6/69/Norma_NH_Villager_Icon.png,https://dodo.ac/np/images/9/9f/Norma%27s_Photo_NH_Texture.png,https://nookipedia.com/wiki/Norma,f2bdc7,634b4b
Nosegay,Nosegay,Anteater,Normal,,Female,,,,Aquarius,hoooonk,,,,,,,,loud bloom shirt,DnM,DnM|AC|e+,0,0,https://dodo.ac/np/images/3/3f/Nosegay_PG.png,,,https://nookipedia.com/wiki/Nosegay,,
O'Hare,O'Hare,Rabbit,Smug,B,Male,July 24,July,24,Leo,amigo,It's not old; it's vintage.,Nature,Active,Cool,Blue,Aqua,K.K. Island,pineapple aloha shirt,DnM+,AC|e+|NL|WA|NH|PC|HHD,1,1,https://dodo.ac/np/images/c/cf/O%27Hare_NH.png,https://dodo.ac/np/images/b/b2/O%27Hare_NH_Villager_Icon.png,https://dodo.ac/np/images/1/11/O%27Hare%27s_Photo_NH_Texture.png,https://nookipedia.com/wiki/O%27Hare,7a2500,fffce9
Octavian,Octavian,Octopus,Cranky,B,Male,September 20,September,20,Virgo,sucker,Don't be a sucker!,Play,Cool,Simple,Black,White,K.K. D&amp;B,gold-print tee,DnM,DnM|AC|e+|WW|CF|NL|WA|NH|PC|HHD,1,0,https://dodo.ac/np/images/5/54/Octavian_NH_Transparent.png,https://dodo.ac/np/images/a/a0/Octavian_NH_Villager_Icon.png,https://dodo.ac/np/images/c/c2/Octavian%27s_Photo_NH_Texture.png,https://nookipedia.com/wiki/Octavian,ff4040,fffad4
Olaf,Olaf,Anteater,Smug,A,Male,May 19,May,19,Taurus,whiffa,Keep your nose clean.,Education,Elegant,Gorgeous,Red,Black,K.K. Milonga,suit of lights,NL,NL|WA|NH|PC|HHD,1,0,https://dodo.ac/np/images/1/11/Olaf_NH.png,https://dodo.ac/np/images/7/78/Olaf_NH_Villager_Icon.png,https://dodo.ac/np/images/a/ab/Olaf%27s_Photo_NH_Texture.png,https://nookipedia.com/wiki/Olaf,ff791f,fff2bb
Olive,Olive,Bear cub,Normal,A,Female,July 12,July,12,Cancer,sweet pea,Sticky fingers attract bees.,Nature,Simple,,Brown,Yellow,Neapolitan,plover dress,DnM,DnM|AC|e+|WA|NH|PC,1,0,https://dodo.ac/np/images/5/5c/Olive_NH.png,https://dodo.ac/np/images/d/db/Olive_NH_Villager_Icon.png,https://dodo.ac/np/images/7/77/Olive%27s_Photo_NH_Texture.png,https://nookipedia.com/wiki/Olive,bfbfbf,5e5e5e
Olivia,Olivia,Cat,Snooty,B,Female,February 3,February,3,Aquarius,purrr,There's an exception to every rule.,Music,Cool,Elegant,White,Black,K.K. Sonata,sweetheart dress,DnM,DnM|AC|e+|WW|CF|NL|WA|NH|PC|HHD,1,0,https://dodo.ac/np/images/3/36/Olivia_NH.png,https://dodo.ac/np/images/1/1e/Olivia_NH_Villager_Icon.png,https://dodo.ac/np/images/6/6f/Olivia%27s_Photo_NH_Texture.png,https://nookipedia.com/wiki/Olivia,ffffff,848484
Opal,Opal,Elephant,Snooty,B,Female,January 20,January,20,Aquarius,snoot,"However little you think of an elephant, you can't say it won't fill a pot.",Fashion,Elegant,Cool,Black,Orange,K.K. Cruisin',front-tie tee,DnM,DnM|AC|e+|WW|CF|NL|WA|NH|PC|HHD,1,0,https://dodo.ac/np/images/c/ce/Opal_NH.png,https://dodo.ac/np/images/7/78/Opal_NH_Villager_Icon.png,https://dodo.ac/np/images/c/c1/Opal%27s_Photo_NH_Texture.png,https://nookipedia.com/wiki/Opal,87e0a9,219479
Otis,Otis,Bird,Lazy,,Male,,,,Capricorn,I s'pose,,,,,,,,moldy shirt,DnM,DnM|AC|e+,0,0,https://dodo.ac/np/images/8/80/Otis_PG.png,,,https://nookipedia.com/wiki/Otis,,
Oxford,Oxford,Bull,Cranky,,Male,,,,Taurus,"bully, eh",,,,,,,,leather jerkin,DnM,DnM|AC|e+,0,0,https://dodo.ac/np/images/1/10/Oxford_PG.png,,,https://nookipedia.com/wiki/Oxford,,
Ozzie,Ozzie,Koala,Lazy,B,Male,May 7,May,7,Taurus,ol' bear,Half a loaf is better than none.,Play,Simple,Cute,Yellow,Orange,Mr. K.K.,energetic sweater,DnM,DnM|AC|e+|NL|WA|NH|PC|HHD,1,0,https://dodo.ac/np/images/3/3a/Ozzie_NH.png,https://dodo.ac/np/images/c/cb/Ozzie_NH_Villager_Icon.png,https://dodo.ac/np/images/2/27/Ozzie%27s_Photo_NH_Texture.png,https://nookipedia.com/wiki/Ozzie,bfbfbf,5e5e5e
Pancetti,Pancetti,Pig,Snooty,A,Female,November 14,November,14,Scorpio,sooey,Always get it in writing.,Music,Cute,Gorgeous,Red,Yellow,K.K. Cruisin',dollhouse dress,NL,NL|WA|NH|PC|HHD,1,0,https://dodo.ac/np/images/e/ec/Pancetti_NH.png,https://dodo.ac/np/images/4/40/Pancetti_NH_Villager_Icon.png,https://dodo.ac/np/images/9/95/Pancetti%27s_Photo_NH_Texture.png,https://nookipedia.com/wiki/Pancetti,e2856b,fffce9
Pango,Pango,Anteater,Peppy,B,Female,November 9,November,9,Scorpio,snooooof,A thing of beauty is a joy forever.,Fashion,Elegant,Cool,Orange,Purple,K.K. Oasis,oversized print dress,DnM,DnM|AC|e+|WW|CF|NL|WA|NH|PC|HHD,1,0,https://dodo.ac/np/images/d/d5/Pango_NH.png,https://dodo.ac/np/images/7/7f/Pango_NH_Villager_Icon.png,https://dodo.ac/np/images/5/53/Pango%27s_Photo_NH_Texture.png,https://nookipedia.com/wiki/Pango,00d1bd,fffce9
Paolo,Paolo,Elephant,Lazy,A,Male,May 5,May,5,Taurus,pal,"When it works, it works.",Nature,Simple,Elegant,Gray,Aqua,To the Edge,simple parka,DnM,DnM|AC|e+|WA|NH|PC,1,0,https://dodo.ac/np/images/5/59/Paolo_NH.png,https://dodo.ac/np/images/d/df/Paolo_NH_Villager_Icon.png,https://dodo.ac/np/images/4/44/Paolo%27s_Photo_NH_Texture.png,https://nookipedia.com/wiki/Paolo,f993ce,fffce9
Papi,Papi,Horse,Lazy,A,Male,January 10,January,10,Capricorn,haaay,Never say neigh.,Nature,Simple,,Orange,Aqua,Hypno K.K.,colorful striped sweater,NL,NL|WA|NH|PC|HHD,1,0,https://dodo.ac/np/images/a/a7/Papi_NH.png,https://dodo.ac/np/images/0/09/Papi_NH_Villager_Icon.png,https://dodo.ac/np/images/d/de/Papi%27s_Photo_NH_Texture.png,https://nookipedia.com/wiki/Papi,d86808,fffce9
Pashmina,Pashmina,Goat,Big sister,A,Female,December 26,December,26,Capricorn,kidders,"Before you judge someone, walk a mile in their hooves.",Music,Cool,Elegant,Red,Colorful,K.K. Disco,rainbow sweater,NL,NL|WA|NH|PC|HHD,1,0,https://dodo.ac/np/images/3/3e/Pashmina_NH.png,https://dodo.ac/np/images/6/6b/Pashmina_NH_Villager_Icon.png,https://dodo.ac/np/images/8/8f/Pashmina%27s_Photo_NH_Texture.png,https://nookipedia.com/wiki/Pashmina,e2856b,fffce9
Pate,Pate,Duck,Peppy,B,Female,February 23,February,23,Pisces,quackle,A duck won't bite you.,Fashion,Simple,Cute,Yellow,White,K.K. Soul,sunflower dress,DnM,DnM|AC|e+|WW|CF|NL|WA|NH|PC|HHD,1,0,https://dodo.ac/np/images/6/6b/Pate_NH.png,https://dodo.ac/np/images/e/e5/Pate_NH_Villager_Icon.png,https://dodo.ac/np/images/7/79/Pate%27s_Photo_NH_Texture.png,https://nookipedia.com/wiki/Pate,8bcdea,fffad4
Patricia,Patricia,Rhinoceros,Normal,,Female,,,,Virgo,えへっ,,,,,,,,red aloha shirt,DnMe+,e+,0,1,https://dodo.ac/np/images/a/aa/Patricia_DnMe%2B.png,,,https://nookipedia.com/wiki/Patricia,,
Patty,Patty,Cow,Peppy,B,Female,May 10,May,10,Taurus,how-now,A friend in need is a friend indeed!,Fashion,Simple,Cute,Orange,Red,K.K. Calypso,orange dress,DnM,DnM|AC|e+|WW|CF|NL|WA|NH|PC|HHD,1,0,https://dodo.ac/np/images/f/f1/Patty_NH.png,https://dodo.ac/np/images/f/fe/Patty_NH_Villager_Icon.png,https://dodo.ac/np/images/c/c0/Patty%27s_Photo_NH_Texture.png,https://nookipedia.com/wiki/Patty,7a2500,fffce9
Paula,Paula,Bear,Big sister,B,Female,March 22,March,22,Aries,yodelay,Trends always make a comeback.,Fitness,Cute,Active,Orange,Green,K.K. Disco,zigzag-print dress,DnMe+,e+|NL|WA|NH|PC|HHD,1,0,https://dodo.ac/np/images/0/0f/Paula_NH.png,https://dodo.ac/np/images/e/e4/Paula_NH_Villager_Icon.png,https://dodo.ac/np/images/d/d4/Paula%27s_Photo_NH_Texture.png,https://nookipedia.com/wiki/Paula,e8b010,fffce9
Peaches,Peaches,Horse,Normal,B,Female,November 28,November,28,Sagittarius,neighbor,Every day is a gift.,Education,Cute,Simple,Colorful,Aqua,Forest Life,long denim cardigan,DnM,DnM|AC|e+|CF|NL|WA|NH|PC|HHD,1,0,https://dodo.ac/np/images/0/0d/Peaches_NH.png,https://dodo.ac/np/images/e/e3/Peaches_NH_Villager_Icon.png,https://dodo.ac/np/images/f/fc/Peaches%27s_Photo_NH_Texture.png,https://nookipedia.com/wiki/Peaches,f993ce,fffce9
Peanut,Peanut,Squirrel,Peppy,B,Female,June 8,June,8,Gemini,slacker,Never take a nibble when you can take a bite.,Fashion,Cute,,Red,Colorful,Forest Life,striped maxi dress,DnM,DnM|AC|e+|WW|CF|NL|WA|NH|PC|HHD,1,0,https://dodo.ac/np/images/0/06/Peanut_NH_Transparent.png,https://dodo.ac/np/images/4/4b/Peanut_NH_Villager_Icon.png,https://dodo.ac/np/images/a/a8/Peanut%27s_Photo_NH_Texture.png,https://nookipedia.com/wiki/Peanut,ec7efc,fffce9
Pecan,Pecan,Squirrel,Snooty,B,Female,September 10,September,10,Virgo,chipmunk,Promises are like pie crusts— they're made to be broken.,Fashion,Elegant,Gorgeous,Purple,Beige,K.K. Love Song,milkmaid dress,DnM,DnM|AC|e+|WW|CF|NL|WA|NH|PC|HHD,1,0,https://dodo.ac/np/images/6/60/Pecan_NH.png,https://dodo.ac/np/images/1/12/Pecan_NH_Villager_Icon.png,https://dodo.ac/np/images/e/e0/Pecan%27s_Photo_NH_Texture.png,https://nookipedia.com/wiki/Pecan,7a2500,fffce9
Peck,Peck,Bird,Jock,A,Male,July 25,July,25,Leo,crunch,The best defense is a good offense.,Play,Simple,Active,Beige,Red,My Place,raglan shirt,NL,NL|WA|NH|PC|HHD,1,0,https://dodo.ac/np/images/4/44/Peck_NH.png,https://dodo.ac/np/images/c/c8/Peck_NH_Villager_Icon.png,https://dodo.ac/np/images/1/1a/Peck%27s_Photo_NH_Texture.png,https://nookipedia.com/wiki/Peck,4c3317,fffce9
Peewee,Peewee,Gorilla,Cranky,B,Male,September 11,September,11,Virgo,li'l bitty baby,Look behind you.,Fitness,Active,Cool,Orange,Blue,K.K. Rock,five-ball tee,DnM,DnM|AC|e+|WW|CF|NL|WA|NH|PC|HHD,1,0,https://dodo.ac/np/images/2/2a/Peewee_NH.png,https://dodo.ac/np/images/2/24/Peewee_NH_Villager_Icon.png,https://dodo.ac/np/images/2/26/Peewee%27s_Photo_NH_Texture.png,https://nookipedia.com/wiki/Peewee,7fa9ff,fffce9
Peggy,Peggy,Pig,Peppy,B,Female,May 23,May,23,Gemini,shweetie,We're all diamonds in the rough.,Fashion,Cute,Active,Blue,Red,K.K. Bossa,Aran-knit sweater,DnMe+,e+|CF|NL|WA|NH|PC|HHD,1,0,https://dodo.ac/np/images/2/28/Peggy_NH.png,https://dodo.ac/np/images/d/d9/Peggy_NH_Villager_Icon.png,https://dodo.ac/np/images/f/f0/Peggy%27s_Photo_NH_Texture.png,https://nookipedia.com/wiki/Peggy,e4b887,fffce9
Pekoe,Pekoe,Bear cub,Normal,B,Female,May 18,May,18,Taurus,bud,Let bygones be bygones.,Nature,Elegant,Cute,Red,Beige,Imperial K.K.,sleeveless silk dress,CF,CF|NL|WA|NH|PC|HHD,1,0,https://dodo.ac/np/images/d/df/Pekoe_NH.png,https://dodo.ac/np/images/c/c4/Pekoe_NH_Villager_Icon.png,https://dodo.ac/np/images/9/90/Pekoe%27s_Photo_NH_Texture.png,https://nookipedia.com/wiki/Pekoe,ffffff,848484
Penelope,Penelope,Mouse,Peppy,A,Female,February 5,February,5,Aquarius,oh bow,One mile or a thousand makes no difference to love.,Fashion,Cute,Gorgeous,Pink,Red,Bubblegum K.K.,oversized print dress,NL,NL|WA|NH|PC|HHD,1,0,https://dodo.ac/np/images/1/15/Penelope_NH.png,https://dodo.ac/np/images/3/32/Penelope_NH_Villager_Icon.png,https://dodo.ac/np/images/0/0b/Penelope%27s_Photo_NH_Texture.png,https://nookipedia.com/wiki/Penelope,c0ab72,fffce9
Penny,Penny,Mouse,Peppy,,Female,,,,Cancer,ska-WEAK,,,,,,,,subdued print,DnM,DnM|AC|e+,0,0,https://dodo.ac/np/images/7/78/Penny_PG.png,,,https://nookipedia.com/wiki/Penny,,
Petri,Petri,Mouse,Snooty,A,Female,October 23,October,23,Libra,mmmhmm,Our DNA is only the beginning of the story.,Education,Simple,Cool,White,Gray,Pondering,doctor's coat,NH,NH|PC,1,0,https://dodo.ac/np/images/7/7e/Petri_amiibo.png,https://dodo.ac/np/images/5/59/Petri_NH_Villager_Icon.png,https://dodo.ac/np/images/0/09/Petri%27s_Photo_NH_Texture.png,https://nookipedia.com/wiki/Petri,ffebff,725661
Petunia,Petunia,Cow,Snooty,,Female,,,,Taurus,moo la la,,,,,,,,spunky knit,DnM,DnM|AC|e+,0,0,https://dodo.ac/np/images/5/52/Petunia_PG.png,,,https://nookipedia.com/wiki/Petunia,,
Phil,Phil,Ostrich,Smug,A,Male,November 27,November,27,Sagittarius,hurk,Best not to say too much.,Music,Elegant,Cool,Green,Red,K.K. Moody,fischerhemd,NL,NL|WA|NH|PC|HHD,1,0,https://dodo.ac/np/images/f/f2/Phil_NH.png,https://dodo.ac/np/images/1/15/Phil_NH_Villager_Icon.png,https://dodo.ac/np/images/b/bf/Phil%27s_Photo_NH_Texture.png,https://nookipedia.com/wiki/Phil,735200000000,fffce9
Phoebe,Phoebe,Ostrich,Big sister,A,Female,April 22,April,22,Taurus,sparky,You can't keep a good bird down.,Fitness,Gorgeous,Cool,Black,Red,K.K. Flamenco,front-tie tee,NL,NL|WA|NH|PC|HHD,1,0,https://dodo.ac/np/images/5/50/Phoebe_NH.png,https://dodo.ac/np/images/7/71/Phoebe_NH_Villager_Icon.png,https://dodo.ac/np/images/e/e0/Phoebe%27s_Photo_NH_Texture.png,https://nookipedia.com/wiki/Phoebe,ff791f,fff2bb
Pierce,Pierce,Eagle,Jock,B,Male,January 8,January,8,Capricorn,hawkeye,"When someone says fly, you ask how high!",Fitness,Elegant,Active,Orange,Yellow,K.K. Gumbo,tennis sweater,DnM,DnM|AC|e+|WW|CF|NL|WA|NH|PC|HHD,1,0,https://dodo.ac/np/images/8/80/Pierce_NH.png,https://dodo.ac/np/images/8/8d/Pierce_NH_Villager_Icon.png,https://dodo.ac/np/images/9/97/Pierce%27s_Photo_NH_Texture.png,https://nookipedia.com/wiki/Pierce,55cfff,fffce9
Pierre,Pierre,Cat,Jock,,Male,,,,Sagittarius,ってね,,,,,,,,jester shirt,DnMe+,e+,0,0,https://dodo.ac/np/images/5/53/Pierre_DnMe%2B.png,,,https://nookipedia.com/wiki/Pierre,,
Pietro,Pietro,Sheep,Smug,A,Male,April 19,April,19,Aries,honk honk,Be the class clown.,Music,Gorgeous,Simple,Colorful,Red,K.K. Parade,jester costume,NL,NL|WA|NH|PC|HHD,1,0,https://dodo.ac/np/images/f/fb/Pietro_NH.png,https://dodo.ac/np/images/5/56/Pietro_NH_Villager_Icon.png,https://dodo.ac/np/images/a/a5/Pietro%27s_Photo_NH_Texture.png,https://nookipedia.com/wiki/Pietro,ff4040,fffad4
Pigleg,Pigleg,Pig,Jock,,Male,,,,Leo,arrrn,,,,,,,,blue aloha shirt,DnM+,AC|e+,0,1,https://dodo.ac/np/images/f/f8/Pigleg_PG.png,,,https://nookipedia.com/wiki/Pigleg,,
Pinky,Pinky,Bear,Peppy,B,Female,September 9,September,9,Virgo,wah,Time spent with friends is time well spent.,Fashion,Cute,Simple,Red,Pink,Imperial K.K.,silk floral-print shirt,DnM,DnM|AC|e+|WW|CF|NL|WA|NH|PC|HHD,1,0,https://dodo.ac/np/images/b/bf/Pinky_NH.png,https://dodo.ac/np/images/0/0f/Pinky_NH_Villager_Icon.png,https://dodo.ac/np/images/2/2c/Pinky%27s_Photo_NH_Texture.png,https://nookipedia.com/wiki/Pinky,fff98f,879b96
Piper,Piper,Bird,Peppy,A,Female,April 18,April,18,Aries,chickadee,"Where there's life, there's hope.",Play,Elegant,Gorgeous,Black,White,K.K. Synth,lacy shirt,DnM,DnM|AC|e+|WA|NH|PC,1,0,https://dodo.ac/np/images/0/09/Piper_NH.png,https://dodo.ac/np/images/e/ec/Piper_NH_Villager_Icon.png,https://dodo.ac/np/images/3/31/Piper%27s_Photo_NH_Texture.png,https://nookipedia.com/wiki/Piper,ffffff,848484
Pippy,Pippy,Rabbit,Peppy,B,Female,June 14,June,14,Gemini,li'l hare,Fake it till you make it.,Fashion,Cute,Simple,Green,Brown,Drivin',overall dress,DnM,DnM|AC|e+|WW|CF|NL|WA|NH|PC|HHD,1,0,https://dodo.ac/np/images/a/a1/Pippy_NH.png,https://dodo.ac/np/images/6/6b/Pippy_NH_Villager_Icon.png,https://dodo.ac/np/images/9/9c/Pippy%27s_Photo_NH_Texture.png,https://nookipedia.com/wiki/Pippy,fff98f,879b96
Plucky,Plucky,Chicken,Big sister,A,Female,October 12,October,12,Libra,chicky-poo,Keep your crumbs out of the bed.,Play,Cool,Simple,Aqua,Yellow,K.K. Island,bold muumuu,DnM+,AC|e+|WA|NH|PC,1,1,https://dodo.ac/np/images/6/63/Plucky_NH.png,https://dodo.ac/np/images/5/5d/Plucky_NH_Villager_Icon.png,https://dodo.ac/np/images/9/9b/Plucky%27s_Photo_NH_Texture.png,https://nookipedia.com/wiki/Plucky,7c6559,eac113
Poko,Poko,Bear cub,Jock,,Male,,,,Aries,へへ,,,,,,,,arctic camo,DnMe+,e+,0,0,https://dodo.ac/np/images/7/7f/Poko_DnMe%2B.png,,,https://nookipedia.com/wiki/Poko,,
Pompom,Pompom,Duck,Peppy,B,Female,February 11,February,11,Aquarius,rah rah,Happiness is a rainy day!,Music,Cute,Simple,Pink,Aqua,K.K. Soul,parka dress,DnM,DnM|AC|e+|WW|CF|NL|WA|NH|PC|HHD,1,0,https://dodo.ac/np/images/3/32/Pompom_NH.png,https://dodo.ac/np/images/9/91/Pompom_NH_Villager_Icon.png,https://dodo.ac/np/images/f/fe/Pompom%27s_Photo_NH_Texture.png,https://nookipedia.com/wiki/Pompom,ffffff,848484
Poncho,Poncho,Bear cub,Jock,B,Male,January 2,January,2,Capricorn,li'l bear,Fortune favors the brave!,Fitness,Simple,,Orange,Yellow,K.K. Blues,energetic sweater,DnM,DnM|AC|e+|WW|CF|NL|WA|NH|PC|HHD,1,0,https://dodo.ac/np/images/f/f0/Poncho_NH.png,https://dodo.ac/np/images/4/44/Poncho_NH_Villager_Icon.png,https://dodo.ac/np/images/e/eb/Poncho%27s_Photo_NH_Texture.png,https://nookipedia.com/wiki/Poncho,194c89,fffad4
Poppy,Poppy,Squirrel,Normal,B,Female,August 5,August,5,Leo,nutty,It's all about positive thinking!,Education,Cute,Elegant,Green,Yellow,Forest Life,alpinist dress,CF,CF|NL|WA|NH|PC|HHD,1,0,https://dodo.ac/np/images/c/c4/Poppy_NH.png,https://dodo.ac/np/images/4/44/Poppy_NH_Villager_Icon.png,https://dodo.ac/np/images/4/42/Poppy%27s_Photo_NH_Texture.png,https://nookipedia.com/wiki/Poppy,db6161,fffce9
Portia,Portia,Dog,Snooty,B,Female,October 25,October,25,Scorpio,ruffian,Charity begins at home.,Fashion,Elegant,Gorgeous,Purple,Black,K.K. Disco,rad power skirt suit,DnM,DnM|AC|e+|WW|CF|NL|WA|NH|PC|HHD,1,0,https://dodo.ac/np/images/c/ce/Portia_NH.png,https://dodo.ac/np/images/d/de/Portia_NH_Villager_Icon.png,https://dodo.ac/np/images/a/a2/Portia%27s_Photo_NH_Texture.png,https://nookipedia.com/wiki/Portia,ffffff,848484
Prince,Prince,Frog,Lazy,B,Male,July 21,July,21,Cancer,burrup,Catch more flies with honey than vinegar.,Play,Simple,Active,Yellow,White,Only Me,striped shirt,DnM,DnM|AC|e+|CF|NL|WA|NH|PC|HHD,1,0,https://dodo.ac/np/images/a/a6/Prince_NH.png,https://dodo.ac/np/images/9/99/Prince_NH_Villager_Icon.png,https://dodo.ac/np/images/9/9a/Prince%27s_Photo_NH_Texture.png,https://nookipedia.com/wiki/Prince,78dd62,28665a
Puck,Puck,Penguin,Lazy,B,Male,February 21,February,21,Pisces,brrrrrrrrr,A bad attitude will land you in the penalty box.,Fitness,Active,Simple,Blue,Red,K.K. March,ice-hockey uniform,DnM,DnM|AC|e+|CF|NL|WA|NH|PC|HHD,1,0,https://dodo.ac/np/images/5/53/Puck_NH.png,https://dodo.ac/np/images/6/6b/Puck_NH_Villager_Icon.png,https://dodo.ac/np/images/5/5d/Puck%27s_Photo_NH_Texture.png,https://nookipedia.com/wiki/Puck,0961f6,fffce9
Puddles,Puddles,Frog,Peppy,B,Female,January 13,January,13,Capricorn,splish,Look before you leap.,Fashion,Cute,Gorgeous,Green,Pink,K.K. Disco,retro dress,DnM,DnM|AC|e+|WW|CF|NL|WA|NH|PC|HHD,1,0,https://dodo.ac/np/images/f/f9/Puddles_NH.png,https://dodo.ac/np/images/f/f8/Puddles_NH_Villager_Icon.png,https://dodo.ac/np/images/0/04/Puddles%27s_Photo_NH_Texture.png,https://nookipedia.com/wiki/Puddles,ff6183,fffce9
Pudge,Pudge,Bear cub,Lazy,B,Male,June 11,June,11,Gemini,pudgy,There's no such thing as a free lunch.,Play,Simple,,Green,Blue,K.K. Stroll,letter jacket,DnM,DnM|AC|e+|WW|CF|NL|WA|NH|PC|HHD,1,0,https://dodo.ac/np/images/8/87/Pudge_NH.png,https://dodo.ac/np/images/4/4a/Pudge_NH_Villager_Icon.png,https://dodo.ac/np/images/3/33/Pudge%27s_Photo_NH_Texture.png,https://nookipedia.com/wiki/Pudge,ff791f,fff2bb
Punchy,Punchy,Cat,Lazy,B,Male,April 11,April,11,Aries,mrmpht,There's always more fish in the sea!,Play,Simple,,Blue,Aqua,Forest Life,madras plaid shirt,DnM+,AC|e+|WW|CF|NL|WA|NH|PC|HHD,1,0,https://dodo.ac/np/images/6/6d/Punchy_NH.png,https://dodo.ac/np/images/5/50/Punchy_NH_Villager_Icon.png,https://dodo.ac/np/images/d/d0/Punchy%27s_Photo_NH_Texture.png,https://nookipedia.com/wiki/Punchy,ffffff,848484
Purrl,Purrl,Cat,Snooty,B,Female,May 29,May,29,Gemini,kitten,Let them drink cream.,Fashion,Cool,Elegant,Gray,Blue,K.K. Chorale,kung-fu tee,DnM,DnM|AC|e+|WW|CF|NL|WA|NH|PC|HHD,1,0,https://dodo.ac/np/images/a/a2/Purrl_NH.png,https://dodo.ac/np/images/a/a0/Purrl_NH_Villager_Icon.png,https://dodo.ac/np/images/c/c1/Purrl%27s_Photo_NH_Texture.png,https://nookipedia.com/wiki/Purrl,ffffff,848484
Queenie,Queenie,Ostrich,Snooty,B,Female,November 13,November,13,Scorpio,chicken,You never get a second chance to make a first impression.,Fashion,Gorgeous,Elegant,Black,Gray,K.K. Gumbo,shirtdress,DnM,DnM|AC|e+|WW|CF|NL|WA|NH|PC|HHD,1,0,https://dodo.ac/np/images/f/f1/Queenie_NH.png,https://dodo.ac/np/images/1/15/Queenie_NH_Villager_Icon.png,https://dodo.ac/np/images/b/b0/Queenie%27s_Photo_NH_Texture.png,https://nookipedia.com/wiki/Queenie,a06fce,fffce9
Quetzal,Quetzal,Eagle,Jock,,Male,,,,Virgo,SKREEE,,,,,,,,rally shirt,DnM,DnM|AC|e+,0,0,https://dodo.ac/np/images/8/8e/Quetzal_PG.png,,,https://nookipedia.com/wiki/Quetzal,,
Quillson,Quillson,Duck,Smug,A,Male,December 22,December,22,Capricorn,ridukulous,There is beauty in everything.,Music,Elegant,Cool,Beige,Orange,K.K. Groove,checkered muffler,NL,NL|WA|NH|PC|HHD,1,0,https://dodo.ac/np/images/e/e4/Quillson_NH.png,https://dodo.ac/np/images/1/1c/Quillson_NH_Villager_Icon.png,https://dodo.ac/np/images/0/0d/Quillson%27s_Photo_NH_Texture.png,https://nookipedia.com/wiki/Quillson,76b788,fffce9
Quinn,Quinn,Eagle,Big sister,A,Female,January 20,January,20,Aquarius,proper,"Step on a violet, and you'll smell forgiveness.",Education,Cool,Elegant,Black,White,K.K. Bashment,collarless shirt,NH,NH|PC,1,0,https://dodo.ac/np/images/a/a2/Quinn_amiibo.png,https://dodo.ac/np/images/3/38/Quinn_NH_Villager_Icon.png,https://dodo.ac/np/images/0/07/Quinn%27s_Photo_NH_Texture.png,https://nookipedia.com/wiki/Quinn,d9d9ff,4f5d72
Raddle,Raddle,Frog,Lazy,A,Male,June 6,June,6,Gemini,aaach—,A healthy mind makes for a healthy body.,Nature,Elegant,Simple,White,Gray,Mr. K.K.,doctor's coat,DnMe+,e+|WA|NH|PC,1,1,https://dodo.ac/np/images/7/7a/Raddle_NH.png,https://dodo.ac/np/images/0/04/Raddle_NH_Villager_Icon.png,https://dodo.ac/np/images/a/a5/Raddle%27s_Photo_NH_Texture.png,https://nookipedia.com/wiki/Raddle,515151,fffce9
Rasher,Rasher,Pig,Cranky,B,Male,April 7,April,7,Aries,swine,Don't judge a book by its cover.,Music,Cool,Simple,Blue,Black,K.K. Rockabilly,pineapple aloha shirt,DnM,DnM|AC|e+|WW|CF|NL|WA|NH|PC|HHD,1,0,https://dodo.ac/np/images/e/e1/Rasher_NH.png,https://dodo.ac/np/images/3/38/Rasher_NH_Villager_Icon.png,https://dodo.ac/np/images/5/5f/Rasher%27s_Photo_NH_Texture.png,https://nookipedia.com/wiki/Rasher,951d43,fffad4
Raymond,Raymond,Cat,Smug,B,Male,October 1,October,1,Libra,crisp,Stay on brand!,Nature,Elegant,Cool,Black,Gray,K.K. Cruisin',waistcoat,NH,NH|PC,1,0,https://dodo.ac/np/images/2/2a/Raymond_NH.png,https://dodo.ac/np/images/f/f2/Raymond_NH_Villager_Icon.png,https://dodo.ac/np/images/f/fe/Raymond%27s_Photo_NH_Texture.png,https://nookipedia.com/wiki/Raymond,acc8cf,498992
Reneigh,Reneigh,Horse,Big sister,A,Female,June 4,June,4,Gemini,ayup yup,"You can only be you, so be the best you that you can be.",Play,Cool,Gorgeous,Black,Purple,K.K. Synth,zigzag-print dress,NH,NH|PC,1,0,https://dodo.ac/np/images/9/92/Reneigh_NH.png,https://dodo.ac/np/images/f/f4/Reneigh_NH_Villager_Icon.png,https://dodo.ac/np/images/b/b6/Reneigh%27s_Photo_NH_Texture.png,https://nookipedia.com/wiki/Reneigh,76494e,fffce9
Renée,Renée,Rhinoceros,Big sister,A,Female,May 28,May,28,Gemini,yo yo yo,Reckless youth makes rueful age.,Music,Cool,Active,Purple,Yellow,Surfin' K.K.,sailor's tee,NL,NL|WA|NH|PC|HHD,1,0,https://dodo.ac/np/images/e/ef/Ren%C3%A9e_NH.png,https://dodo.ac/np/images/f/f6/Ren%C3%A9e_NH_Villager_Icon.png,https://dodo.ac/np/images/0/0f/Ren%C3%A9e%27s_Photo_NH_Texture.png,https://nookipedia.com/wiki/Ren%C3%A9e,ec7efc,fffce9
Rex,Rex,Lion,Lazy,A,Male,July 24,July,24,Leo,cool cat,"Three wrongs don't make a right, but three rights make a left.",Nature,Simple,Cute,Blue,Aqua,Wandering,striped shirt,DnM,DnM|AC|e+|WA|NH|PC,1,0,https://dodo.ac/np/images/7/78/Rex_NH.png,https://dodo.ac/np/images/5/52/Rex_NH_Villager_Icon.png,https://dodo.ac/np/images/1/19/Rex%27s_Photo_NH_Texture.png,https://nookipedia.com/wiki/Rex,ffaa3b,874c25
Rhoda,Rhoda,Chicken,Snooty,,Female,,,,Aries,clucky,,,,,,,,red tie-dye,DnM,DnM|AC|e+,0,0,https://dodo.ac/np/images/f/f8/Rhoda_PG.png,,,https://nookipedia.com/wiki/Rhoda,,
Rhonda,Rhonda,Rhinoceros,Normal,B,Female,January 24,January,24,Aquarius,bigfoot,Don't look down your nose at people!,Music,Elegant,Gorgeous,Purple,Black,K.K. Ballad,ruffled dress,WW,WW|CF|NL|WA|NH|PC|HHD,1,0,https://dodo.ac/np/images/d/df/Rhonda_NH.png,https://dodo.ac/np/images/9/9c/Rhonda_NH_Villager_Icon.png,https://dodo.ac/np/images/3/3e/Rhonda%27s_Photo_NH_Texture.png,https://nookipedia.com/wiki/Rhonda,ffffff,848484
Ribbot,Ribbot,Frog,Jock,B,Male,February 13,February,13,Aquarius,zzrrbbitt,"Never rest, never rust.",Fitness,Simple,Active,Blue,Aqua,K.K. Technopop,simple parka,DnM,DnM|AC|e+|WW|CF|NL|WA|NH|PC|HHD,1,0,https://dodo.ac/np/images/9/94/Ribbot_NH.png,https://dodo.ac/np/images/8/87/Ribbot_NH_Villager_Icon.png,https://dodo.ac/np/images/d/d7/Ribbot%27s_Photo_NH_Texture.png,https://nookipedia.com/wiki/Ribbot,bfbfbf,5e5e5e
Ricky,Ricky,Squirrel,Cranky,B,Male,September 14,September,14,Virgo,nutcase,You gotta break a few shells to get to the nut.,Education,Cool,Simple,Blue,Red,K.K. Safari,three-ball tee,DnM,DnM|AC|e+|NL|WA|NH|PC|HHD,1,0,https://dodo.ac/np/images/8/8d/Ricky_NH.png,https://dodo.ac/np/images/d/dd/Ricky_NH_Villager_Icon.png,https://dodo.ac/np/images/c/c3/Ricky%27s_Photo_NH_Texture.png,https://nookipedia.com/wiki/Ricky,ffd00d,9b553a
Rilla,Rilla,Gorilla,Peppy,A,Female,November 1,November,1,Scorpio,hello,"When there's a will, there's a way.",Nature,Cute,Elegant,Red,Blue,Bubblegum K.K.,Hello Kitty tee,NLWa,WA|NH|PC,1,0,https://dodo.ac/np/images/3/31/Rilla_PC.png,https://dodo.ac/np/images/b/bc/Rilla_NH_Villager_Icon.png,https://dodo.ac/np/images/4/4d/Rilla%27s_Photo_NH_Texture.png,https://nookipedia.com/wiki/Rilla,ff3339,fff6f6
Rio,Rio,Ostrich,Peppy,B,Female,September 10,September,10,Virgo,li'l chick,Self-care? Best care.,Music,Cool,Cute,Orange,Green,K.K. Chorinho,zigzag-print dress,DnM,DnM|AC|e+|NH|PC,1,0,https://dodo.ac/np/images/7/7e/Rio_amiibo.png,https://dodo.ac/np/images/1/12/Rio_NH_Villager_Icon.png,https://dodo.ac/np/images/f/f5/Rio%27s_Photo_NH_Texture.png,https://nookipedia.com/wiki/Rio,ff4040,fffad4
Rizzo,Rizzo,Mouse,Cranky,B,Male,January 17,January,17,Capricorn,squee,Evil lurks everywhere.,Education,Simple,Cool,Black,Gray,K.K. Folk,ninja costume,DnM,DnM|AC|e+|CF|NL|WA|NH|PC|HHD,1,0,https://dodo.ac/np/images/6/69/Rizzo_NH.png,https://dodo.ac/np/images/7/7c/Rizzo_NH_Villager_Icon.png,https://dodo.ac/np/images/7/70/Rizzo%27s_Photo_NH_Texture.png,https://nookipedia.com/wiki/Rizzo,8bcdea,fffad4
Roald,Roald,Penguin,Jock,B,Male,January 5,January,5,Capricorn,b-b-buddy,You must learn to waddle before you can swim.,Fitness,Active,Simple,Red,Yellow,K.K. March,flannel shirt,DnM,DnM|AC|e+|WW|CF|NL|WA|NH|PC|HHD,1,0,https://dodo.ac/np/images/6/63/Roald_NH.png,https://dodo.ac/np/images/c/c4/Roald_NH_Villager_Icon.png,https://dodo.ac/np/images/f/fc/Roald%27s_Photo_NH_Texture.png,https://nookipedia.com/wiki/Roald,194c89,fffad4
Robin,Robin,Bird,Snooty,B,Female,December 4,December,4,Sagittarius,la-di-da,Always keep your wings manicured so you can fly away.,Fashion,Elegant,Cool,Aqua,Purple,K.K. Cruisin',front-tie tee,DnM,DnM|AC|e+|WW|CF|NL|WA|NH|PC|HHD,1,0,https://dodo.ac/np/images/8/85/Robin_NH.png,https://dodo.ac/np/images/e/eb/Robin_NH_Villager_Icon.png,https://dodo.ac/np/images/3/3c/Robin%27s_Photo_NH_Texture.png,https://nookipedia.com/wiki/Robin,6b75ce,9ae8df
Rocco,Rocco,Hippo,Cranky,B,Male,August 18,August,18,Leo,hippie,The only thing to fear is fear itself... and wasps!,Education,Simple,Cool,Yellow,Black,K.K. Lament,danger tank,DnM,DnM|AC|e+|WW|CF|NL|WA|NH|PC|HHD,1,0,https://dodo.ac/np/images/0/02/Rocco_NH.png,https://dodo.ac/np/images/3/36/Rocco_NH_Villager_Icon.png,https://dodo.ac/np/images/f/fb/Rocco%27s_Photo_NH_Texture.png,https://nookipedia.com/wiki/Rocco,87e0a9,219479
Rocket,Rocket,Gorilla,Big sister,B,Female,April 14,April,14,Aries,vroom,Art feeds the soul. So does pizza.,Fitness,Active,Cool,Pink,Red,K.K. Adventure,No. 4 shirt,NL,NL|WA|NH|PC|HHD,1,0,https://dodo.ac/np/images/5/58/Rocket_NH.png,https://dodo.ac/np/images/e/eb/Rocket_NH_Villager_Icon.png,https://dodo.ac/np/images/1/1c/Rocket%27s_Photo_NH_Texture.png,https://nookipedia.com/wiki/Rocket,f993ce,fffce9
Rod,Rod,Mouse,Jock,B,Male,August 14,August,14,Leo,ace,"If you can't beat 'em, work harder.",Fitness,Active,Cool,Blue,Aqua,K.K. March,striped tank,DnMe+,e+|WW|CF|NL|WA|NH|PC|HHD,1,0,https://dodo.ac/np/images/e/ea/Rod_NH.png,https://dodo.ac/np/images/1/16/Rod_NH_Villager_Icon.png,https://dodo.ac/np/images/c/ca/Rod%27s_Photo_NH_Texture.png,https://nookipedia.com/wiki/Rod,ec7efc,fffce9
Rodeo,Rodeo,Bull,Lazy,B,Male,October 29,October,29,Scorpio,chaps,Zzzzzzzzzzzzzzzzz...,Fitness,Simple,Cool,Black,Red,K.K. Technopop,graduation gown,WW,WW|CF|NL|WA|NH|PC|HHD,1,0,https://dodo.ac/np/images/6/6c/Rodeo_NH.png,https://dodo.ac/np/images/9/99/Rodeo_NH_Villager_Icon.png,https://dodo.ac/np/images/8/8a/Rodeo%27s_Photo_NH_Texture.png,https://nookipedia.com/wiki/Rodeo,515151,fffce9
Rodney,Rodney,Hamster,Smug,A,Male,November 10,November,10,Scorpio,le ham,Everything is temporary.,Music,Gorgeous,Cool,Pink,Colorful,K.K. Rockabilly,striped tank,NL,NL|WA|NH|PC|HHD,1,0,https://dodo.ac/np/images/3/35/Rodney_NH.png,https://dodo.ac/np/images/1/14/Rodney_NH_Villager_Icon.png,https://dodo.ac/np/images/3/35/Rodney%27s_Photo_NH_Texture.png,https://nookipedia.com/wiki/Rodney,459aba,fffce9
Rolf,Rolf,Tiger,Cranky,B,Male,August 22,August,22,Leo,grrrolf,Don't skip lunch. Ever.,Fitness,Cool,Active,Blue,Black,K.K. Condor,down jacket,DnM,DnM|AC|e+|WW|CF|NL|WA|NH|PC|HHD,1,0,https://dodo.ac/np/images/9/93/Rolf_NH.png,https://dodo.ac/np/images/0/08/Rolf_NH_Villager_Icon.png,https://dodo.ac/np/images/4/47/Rolf%27s_Photo_NH_Texture.png,https://nookipedia.com/wiki/Rolf,ffffff,848484
Rollo,Rollo,Hippo,Lazy,,Male,,,,Leo,beaulch,,,,,,,,whirly shirt,DnM,DnM|AC|e+,0,0,https://dodo.ac/np/images/4/4f/Rollo_PG.png,,,https://nookipedia.com/wiki/Rollo,,
Rooney,Rooney,Kangaroo,Cranky,A,Male,December 1,December,1,Sagittarius,punches,Bob and weave! Bob and weave!,Fitness,Active,,Gray,Black,K.K. Adventure,sleeveless parka,NL,NL|WA|NH|PC|HHD,1,0,https://dodo.ac/np/images/7/79/Rooney_NH.png,https://dodo.ac/np/images/f/fc/Rooney_NH_Villager_Icon.png,https://dodo.ac/np/images/1/1f/Rooney%27s_Photo_NH_Texture.png,https://nookipedia.com/wiki/Rooney,3fd8e0,fffce9
Rory,Rory,Lion,Jock,A,Male,August 7,August,7,Leo,capital,Set 'em up and knock 'em down.,Music,Simple,Active,Blue,Red,K.K. Faire,sea hanten shirt,NL,NL|WA|NH|PC|HHD,1,0,https://dodo.ac/np/images/d/db/Rory_NH.png,https://dodo.ac/np/images/f/fa/Rory_NH_Villager_Icon.png,https://dodo.ac/np/images/e/ec/Rory%27s_Photo_NH_Texture.png,https://nookipedia.com/wiki/Rory,ff791f,fff2bb
Roscoe,Roscoe,Horse,Cranky,B,Male,June 16,June,16,Gemini,nay,Trouble rides a fast horse.,Music,Cool,Gorgeous,Black,Gray,K.K. D&amp;B,biker jacket,DnMe+,e+|WW|CF|NL|WA|NH|PC|HHD,1,0,https://dodo.ac/np/images/8/8e/Roscoe_NH.png,https://dodo.ac/np/images/f/f9/Roscoe_NH_Villager_Icon.png,https://dodo.ac/np/images/6/63/Roscoe%27s_Photo_NH_Texture.png,https://nookipedia.com/wiki/Roscoe,515151,fffce9
Rosie,Rosie,Cat,Peppy,A,Female,February 27,February,27,Pisces,silly,One good purr deserves another.,Music,Cute,,Pink,Red,Bubblegum K.K.,dazed dress,DnM,DnM|AC|e+|WW|CF|NL|WA|NH|PC|HHD|Film,1,0,https://dodo.ac/np/images/f/fe/Rosie_NH_Transparent.png,https://dodo.ac/np/images/9/92/Rosie_NH_Villager_Icon.png,https://dodo.ac/np/images/b/bf/Rosie%27s_Photo_NH_Texture.png,https://nookipedia.com/wiki/Rosie,7fa9ff,fffce9
Roswell,Roswell,Alligator,Smug,A,Male,May 2,May,2,Taurus,spaaace,Keep your eyes on the skies.,Nature,Simple,Elegant,Beige,Brown,K.K. Khoomei,pineapple aloha shirt,DnMe+,e+|NH|PC,1,1,https://dodo.ac/np/images/d/df/Roswell_amiibo.png,https://dodo.ac/np/images/7/77/Roswell_NH_Villager_Icon.png,https://dodo.ac/np/images/0/05/Roswell%27s_Photo_NH_Texture.png,https://nookipedia.com/wiki/Roswell,4c3317,fffce9
Rowan,Rowan,Tiger,Jock,B,Male,August 26,August,26,Virgo,mango,Refuse to lose.,Fitness,Active,Simple,Aqua,Gray,Surfin' K.K.,simple-dots tee,DnM+,AC|e+|WW|CF|NL|WA|NH|PC|HHD,1,1,https://dodo.ac/np/images/7/7c/Rowan_NH_Transparent.png,https://dodo.ac/np/images/1/17/Rowan_NH_Villager_Icon.png,https://dodo.ac/np/images/b/b4/Rowan%27s_Photo_NH_Texture.png,https://nookipedia.com/wiki/Rowan,ff791f,fff2bb
Ruby,Ruby,Rabbit,Peppy,B,Female,December 25,December,25,Capricorn,li'l ears,You can always take the red-eye.,Nature,Cute,Active,Aqua,Pink,Stale Cupcakes,rabbit tee,WW,WW|CF|NL|WA|NH|PC|HHD,1,0,https://dodo.ac/np/images/4/41/Ruby_NH.png,https://dodo.ac/np/images/3/3a/Ruby_NH_Villager_Icon.png,https://dodo.ac/np/images/f/f0/Ruby%27s_Photo_NH_Texture.png,https://nookipedia.com/wiki/Ruby,ffffff,848484
Rudy,Rudy,Cat,Jock,A,Male,December 20,December,20,Sagittarius,mush,Always land on your feet!,Play,Active,Simple,Yellow,Beige,K.K. Blues,simple parka,NL,NL|WA|NH|PC|HHD,1,0,https://dodo.ac/np/images/7/7e/Rudy_NH.png,https://dodo.ac/np/images/d/d4/Rudy_NH_Villager_Icon.png,https://dodo.ac/np/images/7/79/Rudy%27s_Photo_NH_Texture.png,https://nookipedia.com/wiki/Rudy,7a2500,fffce9
Sally,Sally,Squirrel,Normal,B,Female,June 19,June,19,Gemini,nutmeg,Even the smallest acorn may grow into the tallest tree.,Music,Simple,Elegant,White,Beige,Only Me,snowy sweater,DnM,DnM|AC|e+|WW|CF|NL|WA|NH|PC|HHD,1,0,https://dodo.ac/np/images/a/a3/Sally_NH.png,https://dodo.ac/np/images/8/8c/Sally_NH_Villager_Icon.png,https://dodo.ac/np/images/6/6d/Sally%27s_Photo_NH_Texture.png,https://nookipedia.com/wiki/Sally,ff791f,fff2bb
Samson,Samson,Mouse,Jock,B,Male,July 5,July,5,Cancer,pipsqueak,Squeak softly and carry a big stick.,Fitness,Simple,Active,Red,Yellow,Rockin' K.K.,kanji tee,DnM,DnM|AC|e+|WW|CF|NL|WA|NH|PC|HHD,1,0,https://dodo.ac/np/images/9/9b/Samson_NH.png,https://dodo.ac/np/images/d/d3/Samson_NH_Villager_Icon.png,https://dodo.ac/np/images/9/95/Samson%27s_Photo_NH_Texture.png,https://nookipedia.com/wiki/Samson,acc8cf,498992
Sandy,Sandy,Ostrich,Normal,A,Female,October 21,October,21,Libra,speedy,Soaring through the sky takes more than a pair of wings.,Nature,Simple,Cool,Aqua,White,K.K. Soul,striped tank,DnM,DnM|AC|e+|WA|NH|PC,1,0,https://dodo.ac/np/images/a/a9/Sandy_NH.png,https://dodo.ac/np/images/9/97/Sandy_NH_Villager_Icon.png,https://dodo.ac/np/images/a/a6/Sandy%27s_Photo_NH_Texture.png,https://nookipedia.com/wiki/Sandy,ff791f,fff2bb
Sasha,Sasha,Rabbit,Lazy,B,Male,May 19,May,19,Taurus,hoppity,Timing is everything.,Fashion,Simple,Cute,Blue,White,K.K. Lovers,letter jacket,NH,NH|PC,1,0,https://dodo.ac/np/images/9/90/Sasha_amiibo.png,https://dodo.ac/np/images/8/86/Sasha_NH_Villager_Icon.png,https://dodo.ac/np/images/8/87/Sasha%27s_Photo_NH_Texture.png,https://nookipedia.com/wiki/Sasha,00d1bd,fffce9
Savannah,Savannah,Horse,Normal,B,Female,January 25,January,25,Aquarius,y'all,Keep your chin up!,Music,Cool,Simple,Aqua,Blue,Forest Life,top coat,DnM,DnM|AC|e+|WW|CF|NL|WA|NH|PC|HHD,1,0,https://dodo.ac/np/images/4/46/Savannah_NH.png,https://dodo.ac/np/images/c/c6/Savannah_NH_Villager_Icon.png,https://dodo.ac/np/images/2/20/Savannah%27s_Photo_NH_Texture.png,https://nookipedia.com/wiki/Savannah,ffffff,848484
Scoot,Scoot,Duck,Jock,B,Male,June 13,June,13,Gemini,zip zoom,"Some birds avoid the water, ducks look for it.",Fitness,Active,Simple,Beige,Blue,My Place,frog tee,DnM,DnM|AC|e+|CF|NL|WA|NH|PC|HHD,1,0,https://dodo.ac/np/images/e/ec/Scoot_NH.png,https://dodo.ac/np/images/3/37/Scoot_NH_Villager_Icon.png,https://dodo.ac/np/images/8/85/Scoot%27s_Photo_NH_Texture.png,https://nookipedia.com/wiki/Scoot,78dd62,28665a
Shari,Shari,Monkey,Big sister,A,Female,April 10,April,10,Aries,cheeky,A good start leads to a good end.,Music,Cute,Active,Aqua,Yellow,K.K. Cruisin',garden tank,NL,NL|WA|NH|PC|HHD,1,0,https://dodo.ac/np/images/7/72/Shari_NH.png,https://dodo.ac/np/images/a/a0/Shari_NH_Villager_Icon.png,https://dodo.ac/np/images/9/96/Shari%27s_Photo_NH_Texture.png,https://nookipedia.com/wiki/Shari,bfbfbf,5e5e5e
Sheldon,Sheldon,Squirrel,Jock,A,Male,February 26,February,26,Pisces,cardio,"Winners don't quit, and quitters never win.",Play,Active,Cool,Green,Yellow,K.K. Country,tiger jacket,NL,NL|WA|NH|PC|HHD,1,0,https://dodo.ac/np/images/c/ce/Sheldon_NH.png,https://dodo.ac/np/images/9/9a/Sheldon_NH_Villager_Icon.png,https://dodo.ac/np/images/8/86/Sheldon%27s_Photo_NH_Texture.png,https://nookipedia.com/wiki/Sheldon,ffaa3b,874c25
Shep,Shep,Dog,Smug,A,Male,November 24,November,24,Sagittarius,baa baa baa,Even dogs won't get in the middle of true love.,Education,Simple,Cool,Aqua,Blue,K.K. Swing,denim vest,NL,NL|WA|NH|PC|HHD,1,0,https://dodo.ac/np/images/c/c1/Shep_NH.png,https://dodo.ac/np/images/a/a8/Shep_NH_Villager_Icon.png,https://dodo.ac/np/images/a/a8/Shep%27s_Photo_NH_Texture.png,https://nookipedia.com/wiki/Shep,c0ab72,fffce9
Sherb,Sherb,Goat,Lazy,A,Male,January 18,January,18,Capricorn,bawwww,Forty winks is never enough.,Nature,Simple,Cute,Gray,Blue,Hypno K.K.,snowy sweater,NH,NH|PC,1,0,https://dodo.ac/np/images/1/18/Sherb_NH.png,https://dodo.ac/np/images/d/d9/Sherb_NH_Villager_Icon.png,https://dodo.ac/np/images/5/5c/Sherb%27s_Photo_NH_Texture.png,https://nookipedia.com/wiki/Sherb,bff2ff,85a2af
Shinabiru,Shinabiru,Duck,Jock,,Male,,,,Cancer,シナ,,,,,,,,MVP shirt,DnMe+,e+,0,0,https://dodo.ac/np/images/a/a5/Shinabiru_DnMe%2B.png,,,https://nookipedia.com/wiki/Shinabiru,,
Shino,Shino,Deer,Peppy,A,Female,October 31,October,31,Scorpio,okaaay,Better the demon you know than the one you do not.,Education,Elegant,Gorgeous,Red,Black,King K.K.,morning-glory yukata,NH,NH|PC,1,0,https://dodo.ac/np/images/2/26/Shino_amiibo.png,https://dodo.ac/np/images/9/9a/Shino_NH_Villager_Icon.png,https://dodo.ac/np/images/6/6d/Shino%27s_Photo_NH_Texture.png,https://nookipedia.com/wiki/Shino,ffffff,848484
Shoukichi,Shoukichi,Bird,Jock,,Male,,,,Capricorn,ズン,,,,,,,,orange pinstripe,DnMe+,e+,0,0,https://dodo.ac/np/images/9/9b/Shoukichi_DnMe%2B.png,,,https://nookipedia.com/wiki/Shoukichi,,
Simon,Simon,Monkey,Lazy,B,Male,January 19,January,19,Capricorn,zzzook,Friends go together like peanut butter and bananas.,Play,Simple,Active,Red,Colorful,K.K. Safari,striped tank,WW,WW|CF|NL|WA|NH|PC|HHD,1,0,https://dodo.ac/np/images/6/68/Simon_NH.png,https://dodo.ac/np/images/7/7a/Simon_NH_Villager_Icon.png,https://dodo.ac/np/images/c/c5/Simon%27s_Photo_NH_Texture.png,https://nookipedia.com/wiki/Simon,d8cc39,8b5f57
Skye,Skye,Wolf,Normal,A,Female,March 24,March,24,Aries,airmail,Love makes the world go 'round.,Music,Cute,,Blue,White,Forest Life,peasant blouse,NL,NL|WA|NH|PC|HHD,1,0,https://dodo.ac/np/images/d/d1/Skye_NH.png,https://dodo.ac/np/images/9/92/Skye_NH_Villager_Icon.png,https://dodo.ac/np/images/9/98/Skye%27s_Photo_NH_Texture.png,https://nookipedia.com/wiki/Skye,3fd8e0,fffce9
Sly,Sly,Alligator,Jock,A,Male,November 15,November,15,Scorpio,hoo-rah,Don't bite off more than you can chew.,Play,Cool,Simple,Brown,Green,K.K. Safari,camo tee,NL,NL|WA|NH|PC|HHD,1,0,https://dodo.ac/np/images/7/70/Sly_NH.png,https://dodo.ac/np/images/2/26/Sly_NH_Villager_Icon.png,https://dodo.ac/np/images/d/d8/Sly%27s_Photo_NH_Texture.png,https://nookipedia.com/wiki/Sly,e8b010,fffce9
Snake,Snake,Rabbit,Jock,B,Male,November 3,November,3,Scorpio,bunyip,A good ninja is neither seen nor heard.,Fitness,Active,Simple,Black,Blue,King K.K.,ninja costume,DnM,DnM|AC|e+|WW|CF|NL|WA|NH|PC|HHD,1,0,https://dodo.ac/np/images/e/ec/Snake_NH.png,https://dodo.ac/np/images/0/09/Snake_NH_Villager_Icon.png,https://dodo.ac/np/images/3/32/Snake%27s_Photo_NH_Texture.png,https://nookipedia.com/wiki/Snake,f993ce,fffce9
Snooty_(villager),Snooty,Anteater,Snooty,A,Female,October 24,October,24,Scorpio,sniffff,"Request forgiveness, not permission.",Education,Simple,,Green,Yellow,K.K. Folk,misty tee,DnM,DnM|AC|e+|WA|NH|PC,1,0,https://dodo.ac/np/images/6/63/Snooty_NH.png,https://dodo.ac/np/images/7/79/Snooty_NH_Villager_Icon.png,https://dodo.ac/np/images/1/1f/Snooty%27s_Photo_NH_Texture.png,https://nookipedia.com/wiki/Snooty_(villager),f2bdc7,634b4b
Soleil,Soleil,Hamster,Snooty,A,Female,August 9,August,9,Leo,tarnation,Sometimes dreams are merely dreams.,Education,Cool,Gorgeous,Red,Yellow,K.K. Oasis,sari,NL,NL|WA|NH|PC|HHD,1,0,https://dodo.ac/np/images/d/de/Soleil_NH.png,https://dodo.ac/np/images/5/5f/Soleil_NH_Villager_Icon.png,https://dodo.ac/np/images/5/5c/Soleil%27s_Photo_NH_Texture.png,https://nookipedia.com/wiki/Soleil,ff791f,fff2bb
Sparro,Sparro,Bird,Jock,A,Male,November 20,November,20,Scorpio,like whoa,The proof of the pudding is in the eating.,Play,Active,Simple,Green,Gray,I Love You,earbuds combo,NL,NL|WA|NH|PC|HHD,1,0,https://dodo.ac/np/images/3/32/Sparro_NH.png,https://dodo.ac/np/images/0/0c/Sparro_NH_Villager_Icon.png,https://dodo.ac/np/images/4/44/Sparro%27s_Photo_NH_Texture.png,https://nookipedia.com/wiki/Sparro,7a2500,fffce9
Spike,Spike,Rhinoceros,Cranky,A,Male,June 17,June,17,Gemini,punk,Keep your eye on the ball.,Nature,Cool,Gorgeous,Black,Gray,K.K. House,gold-print tee,DnM,DnM|AC|e+|WA|NH|PC,1,0,https://dodo.ac/np/images/f/f1/Spike_NH.png,https://dodo.ac/np/images/a/ab/Spike_NH_Villager_Icon.png,https://dodo.ac/np/images/3/34/Spike%27s_Photo_NH_Texture.png,https://nookipedia.com/wiki/Spike,ff791f,fff2bb
Spork,Spork,Pig,Lazy,B,Male,September 3,September,3,Virgo,snork,It's never too late for a snack.,Play,Simple,Active,Green,Colorful,Forest Life,layered shirt,DnM,DnM|AC|e+|CF|NL|WA|NH|PC|HHD,1,0,https://dodo.ac/np/images/c/c2/Spork_NH.png,https://dodo.ac/np/images/c/c2/Spork_NH_Villager_Icon.png,https://dodo.ac/np/images/c/cc/Spork%27s_Photo_NH_Texture.png,https://nookipedia.com/wiki/Spork,e4b887,fffce9
Sprinkle,Sprinkle,Penguin,Peppy,A,Female,February 20,February,20,Pisces,frappe,Frosting is just the icing on the cake.,Play,Cute,Elegant,Aqua,White,K.K. Marathon,snowy sweater,NL,NL|WA|NH|PC|HHD,1,0,https://dodo.ac/np/images/4/44/Sprinkle_NH.png,https://dodo.ac/np/images/7/7f/Sprinkle_NH_Villager_Icon.png,https://dodo.ac/np/images/7/7c/Sprinkle%27s_Photo_NH_Texture.png,https://nookipedia.com/wiki/Sprinkle,00d1bd,fffce9
Sprocket,Sprocket,Ostrich,Jock,A,Male,December 1,December,1,Sagittarius,zort,Strike while the iron is hot.,Music,Simple,Active,Orange,Green,K.K. Metal,jumper work suit,DnM,DnM|AC|e+|WA|NH|PC,1,0,https://dodo.ac/np/images/8/8b/Sprocket_NH.png,https://dodo.ac/np/images/4/4a/Sprocket_NH_Villager_Icon.png,https://dodo.ac/np/images/c/cc/Sprocket%27s_Photo_NH_Texture.png,https://nookipedia.com/wiki/Sprocket,0ca54a,fffce9
Static,Static,Squirrel,Cranky,B,Male,July 9,July,9,Cancer,krzzt,Lightning never strikes twice.,Music,Cool,Active,Black,Yellow,Surfin' K.K.,dragon jacket,DnM,DnM|AC|e+|WW|CF|NL|WA|NH|PC|HHD,1,0,https://dodo.ac/np/images/6/68/Static_NH.png,https://dodo.ac/np/images/7/70/Static_NH_Villager_Icon.png,https://dodo.ac/np/images/2/2a/Static%27s_Photo_NH_Texture.png,https://nookipedia.com/wiki/Static,a06fce,fffce9
Stella,Stella,Sheep,Normal,A,Female,April 9,April,9,Aries,baa-dabing,100% Natural Fiber.,Nature,Simple,,Yellow,Beige,Only Me,flower sweater,DnM,DnM|AC|e+|WA|NH|PC,1,0,https://dodo.ac/np/images/9/95/Stella_NH.png,https://dodo.ac/np/images/4/4e/Stella_NH_Villager_Icon.png,https://dodo.ac/np/images/7/77/Stella%27s_Photo_NH_Texture.png,https://nookipedia.com/wiki/Stella,951d43,fffad4
Sterling,Sterling,Eagle,Jock,B,Male,December 11,December,11,Sagittarius,skraaaaw,Discretion is the better part of valor.,Fitness,Simple,Elegant,Blue,Red,K.K. Dirge,cavalier shirt,CF,CF|NL|WA|NH|PC|HHD,1,0,https://dodo.ac/np/images/4/4f/Sterling_NH.png,https://dodo.ac/np/images/d/da/Sterling_NH_Villager_Icon.png,https://dodo.ac/np/images/7/78/Sterling%27s_Photo_NH_Texture.png,https://nookipedia.com/wiki/Sterling,bfbfbf,5e5e5e
Stinky,Stinky,Cat,Jock,B,Male,August 17,August,17,Leo,GAAHHH,"If the mask fits, wear it!",Fitness,Active,Simple,Red,Blue,K.K. Flamenco,athletic jacket,DnM,DnM|AC|e+|CF|NL|WA|NH|PC|HHD,1,0,https://dodo.ac/np/images/9/9c/Stinky_NH.png,https://dodo.ac/np/images/c/ca/Stinky_NH_Villager_Icon.png,https://dodo.ac/np/images/9/99/Stinky%27s_Photo_NH_Texture.png,https://nookipedia.com/wiki/Stinky,d8cc39,8b5f57
Stitches,Stitches,Bear cub,Lazy,B,Male,February 10,February,10,Aquarius,stuffin',A stitch in time saves nine.,Play,Simple,Cute,Colorful,White,I Love You,starry tank,WW,WW|CF|NL|WA|NH|PC|HHD,1,0,https://dodo.ac/np/images/5/56/Stitches_NH.png,https://dodo.ac/np/images/d/dd/Stitches_NH_Villager_Icon.png,https://dodo.ac/np/images/2/26/Stitches%27s_Photo_NH_Texture.png,https://nookipedia.com/wiki/Stitches,ffaa3b,874c25
Stu,Stu,Bull,Lazy,A,Male,April 20,April,20,Taurus,mrooooo,"As a cow grows, so do its nostrils.",Nature,Simple,,Brown,Beige,K.K. Rockabilly,yodel sweater,DnM,DnM|AC|e+|WA|NH|PC,1,0,https://dodo.ac/np/images/f/fa/Stu_NH.png,https://dodo.ac/np/images/e/ea/Stu_NH_Villager_Icon.png,https://dodo.ac/np/images/0/06/Stu%27s_Photo_NH_Texture.png,https://nookipedia.com/wiki/Stu,6b75ce,9ae8df
Sue_E,Sue E,Pig,Snooty,,Female,,,,Libra,snort,,,,,,,,snappy print,DnM,DnM|AC|e+,0,0,https://dodo.ac/np/images/2/2f/Sue_E_PG.png,,,https://nookipedia.com/wiki/Sue_E,,
Sunny,Sunny,Frog,Normal,,Female,,,,Sagittarius,でちょ,,,,,,,,citrus shirt,DnMe+,e+,0,0,https://dodo.ac/np/images/4/48/Sunny_DnMe%2B.png,,,https://nookipedia.com/wiki/Sunny,,
Sven,Sven,Goat,Lazy,,Male,,,,Capricorn,buh-uh-ud,,,,,,,,desert camo,DnM,DnM|AC|e+,0,0,https://dodo.ac/np/images/6/66/Sven_PG.png,,,https://nookipedia.com/wiki/Sven,,
Sydney,Sydney,Koala,Normal,B,Female,June 21,June,21,Gemini,sunshine,Sail wherever the wind takes you.,Music,Cute,Simple,Beige,Yellow,Drivin',overall dress,DnM,DnM|AC|e+|CF|NL|WA|NH|PC|HHD,1,0,https://dodo.ac/np/images/3/3f/Sydney_NH.png,https://dodo.ac/np/images/a/ac/Sydney_NH_Villager_Icon.png,https://dodo.ac/np/images/9/98/Sydney%27s_Photo_NH_Texture.png,https://nookipedia.com/wiki/Sydney,735200000000,fffce9
Sylvana,Sylvana,Squirrel,Normal,A,Female,October 22,October,22,Libra,hubbub,Remember to see the forest between the trees.,Nature,Cute,Simple,Green,Purple,Spring Blossoms,kiwi dress,DnMe+,e+|WA|NH|PC,1,0,https://dodo.ac/np/images/f/fc/Sylvana_NH.png,https://dodo.ac/np/images/b/b3/Sylvana_NH_Villager_Icon.png,https://dodo.ac/np/images/6/69/Sylvana%27s_Photo_NH_Texture.png,https://nookipedia.com/wiki/Sylvana,c0ab72,fffce9
Sylvia,Sylvia,Kangaroo,Big sister,B,Female,May 3,May,3,Taurus,boing,Hop first; ask questions later.,Music,Simple,Gorgeous,Yellow,Green,DJ K.K.,tropical muumuu,DnMe+,e+|NL|WA|NH|PC|HHD,1,0,https://dodo.ac/np/images/9/93/Sylvia_NH.png,https://dodo.ac/np/images/5/52/Sylvia_NH_Villager_Icon.png,https://dodo.ac/np/images/7/7b/Sylvia%27s_Photo_NH_Texture.png,https://nookipedia.com/wiki/Sylvia,a06fce,fffce9
T-Bone,T-Bone,Bull,Cranky,B,Male,May 20,May,20,Taurus,moocher,Don't have a cow.,Education,Cool,Simple,Blue,Black,K.K. Steppe,hanten jacket,DnM,DnM|AC|e+|NL|WA|NH|PC|HHD,1,0,https://dodo.ac/np/images/e/e0/T-Bone_NH.png,https://dodo.ac/np/images/1/16/T-Bone_NH_Villager_Icon.png,https://dodo.ac/np/images/2/20/T-Bone%27s_Photo_NH_Texture.png,https://nookipedia.com/wiki/T-Bone,acc8cf,498992
Tabby,Tabby,Cat,Peppy,B,Female,August 13,August,13,Leo,me-WOW,You can never have too much of a good thing!,Music,Active,Cool,Black,Gray,DJ K.K.,tee dress,DnM,DnM|AC|e+|WW|CF|NL|WA|NH|PC|HHD,1,0,https://dodo.ac/np/images/2/2f/Tabby_NH.png,https://dodo.ac/np/images/f/f3/Tabby_NH_Villager_Icon.png,https://dodo.ac/np/images/8/8b/Tabby%27s_Photo_NH_Texture.png,https://nookipedia.com/wiki/Tabby,ff791f,fff2bb
Tad,Tad,Frog,Jock,A,Male,August 3,August,3,Leo,sluuuurp,Take a leap!,Play,Active,Simple,Yellow,Colorful,Wandering,one-ball tee,DnM,DnM|AC|e+|WA|NH|PC,1,0,https://dodo.ac/np/images/6/67/Tad_NH.png,https://dodo.ac/np/images/e/e6/Tad_NH_Villager_Icon.png,https://dodo.ac/np/images/4/41/Tad%27s_Photo_NH_Texture.png,https://nookipedia.com/wiki/Tad,76b788,fffce9
Tammi,Tammi,Monkey,Peppy,B,Female,April 2,April,2,Aries,chimpy,Always be down to monkey around!,Fashion,Cute,Active,Purple,Green,Imperial K.K.,silk floral-print shirt,WW,WW|CF|NL|WA|NH|PC|HHD,1,0,https://dodo.ac/np/images/a/a8/Tammi_NH.png,https://dodo.ac/np/images/d/d8/Tammi_NH_Villager_Icon.png,https://dodo.ac/np/images/a/a9/Tammi%27s_Photo_NH_Texture.png,https://nookipedia.com/wiki/Tammi,ffd00d,9b553a
Tammy,Tammy,Bear cub,Big sister,A,Female,June 23,June,23,Cancer,ya heard,"If a job is worth doing, do it right!",Play,Cool,Active,Red,Purple,DJ K.K.,hawk jacket,NL,NL|WA|NH|PC|HHD,1,0,https://dodo.ac/np/images/a/aa/Tammy_NH.png,https://dodo.ac/np/images/2/25/Tammy_NH_Villager_Icon.png,https://dodo.ac/np/images/c/c7/Tammy%27s_Photo_NH_Texture.png,https://nookipedia.com/wiki/Tammy,fff80d,9b8986
Tangy,Tangy,Cat,Peppy,B,Female,June 17,June,17,Gemini,reeeeOWR,"When life gives you lemons, make lemonade!",Music,Simple,Cute,Green,Yellow,I Love You,retro dress,DnM,DnM|AC|e+|WW|CF|NL|WA|NH|PC|HHD,1,0,https://dodo.ac/np/images/6/6f/Tangy_NH.png,https://dodo.ac/np/images/e/e3/Tangy_NH_Villager_Icon.png,https://dodo.ac/np/images/5/58/Tangy%27s_Photo_NH_Texture.png,https://nookipedia.com/wiki/Tangy,ffd00d,9b553a
Tank,Tank,Rhinoceros,Jock,B,Male,May 6,May,6,Taurus,kerPOW,Remember to keep your core muscles engaged!,Fitness,Active,Simple,Red,Green,K.K. Lament,No. 1 shirt,DnM,DnM|AC|e+|WW|CF|NL|WA|NH|PC|HHD,1,0,https://dodo.ac/np/images/6/69/Tank_NH_Transparent.png,https://dodo.ac/np/images/a/a1/Tank_NH_Villager_Icon.png,https://dodo.ac/np/images/c/c0/Tank%27s_Photo_NH_Texture.png,https://nookipedia.com/wiki/Tank,8bcdea,fffad4
Tarou,Tarou,Wolf,Jock,,Male,,,,Gemini,ワオーン,,,,,,,,houndstooth knit,DnMe+,e+,0,0,https://dodo.ac/np/images/d/dd/Tarou_DnMe%2B.png,,,https://nookipedia.com/wiki/Tarou,,
Tasha,Tasha,Squirrel,Snooty,A,Female,November 30,November,30,Sagittarius,nice nice,There's no such thing as a safe secret.,Fitness,Elegant,Gorgeous,Beige,Gray,K.K. Synth,collarless coat,DnMe+,e+|WA|NH|PC,1,0,https://dodo.ac/np/images/3/35/Tasha_NH.png,https://dodo.ac/np/images/6/61/Tasha_NH_Villager_Icon.png,https://dodo.ac/np/images/2/20/Tasha%27s_Photo_NH_Texture.png,https://nookipedia.com/wiki/Tasha,194c89,fffad4
Teddy,Teddy,Bear,Jock,B,Male,September 26,September,26,Libra,grooof,"No pain, no gain!",Fitness,Simple,,Yellow,Orange,Mr. K.K.,energetic sweater,DnM,DnM|AC|e+|WW|CF|NL|WA|NH|PC|HHD,1,0,https://dodo.ac/np/images/b/b9/Teddy_NH.png,https://dodo.ac/np/images/b/bd/Teddy_NH_Villager_Icon.png,https://dodo.ac/np/images/b/bf/Teddy%27s_Photo_NH_Texture.png,https://nookipedia.com/wiki/Teddy,ff791f,fff2bb
Tex,Tex,Penguin,Smug,A,Male,October 6,October,6,Libra,picante,Rules were made to be broken.,Music,Cool,Elegant,Black,Gray,K.K. D&amp;B,letter jacket,NL,NL|WA|NH|PC|HHD,1,0,https://dodo.ac/np/images/4/44/Tex_NH.png,https://dodo.ac/np/images/a/a0/Tex_NH_Villager_Icon.png,https://dodo.ac/np/images/e/ea/Tex%27s_Photo_NH_Texture.png,https://nookipedia.com/wiki/Tex,194c89,fffad4
Tia,Tia,Elephant,Normal,A,Female,November 18,November,18,Scorpio,teacup,Tea is a cup of life.,Nature,Cute,Elegant,Black,White,K.K. Bossa,maid dress,NL,NL|WA|NH|PC|HHD,1,0,https://dodo.ac/np/images/0/0d/Tia_NH.png,https://dodo.ac/np/images/9/93/Tia_NH_Villager_Icon.png,https://dodo.ac/np/images/d/d3/Tia%27s_Photo_NH_Texture.png,https://nookipedia.com/wiki/Tia,ffffff,848484
Tiansheng,Tiansheng,Monkey,Jock,B,Male,August 18,August,18,Leo,wuwu,The world is more swole than you will ever fully know.,Fitness,Cool,Elegant,Green,Yellow,Imperial K.K.,dragon suit,NH,NH|PC,1,0,https://dodo.ac/np/images/5/5d/Tiansheng_amiibo.png,https://dodo.ac/np/images/d/d6/Tiansheng_NH_Villager_Icon.png,https://dodo.ac/np/images/2/24/Tiansheng%27s_Photo_NH_Texture.png,https://nookipedia.com/wiki/Tiansheng,ff791f,fff2bb
Tiara,Tiara,Rhinoceros,Snooty,,Female,,,,Scorpio,lovey,,,,,,,,yodel shirt,DnM,DnM|AC|e+,0,0,https://dodo.ac/np/images/1/14/Tiara_PG.png,,,https://nookipedia.com/wiki/Tiara,,
Tiffany,Tiffany,Rabbit,Snooty,B,Female,January 9,January,9,Capricorn,bunbun,What is cheap is most costly.,Fashion,Gorgeous,Cool,Black,Red,K.K. Ragtime,chic tuxedo dress,DnMe+,e+|WW|CF|NL|WA|NH|PC|HHD,1,0,https://dodo.ac/np/images/f/f0/Tiffany_NH.png,https://dodo.ac/np/images/4/47/Tiffany_NH_Villager_Icon.png,https://dodo.ac/np/images/0/03/Tiffany%27s_Photo_NH_Texture.png,https://nookipedia.com/wiki/Tiffany,ffffff,848484
Timbra,Timbra,Sheep,Snooty,A,Female,October 21,October,21,Libra,pine nut,Don't pine for the past.,Education,Elegant,Gorgeous,Green,Brown,K.K. Love Song,Aran-knit sweater,NL,NL|WA|NH|PC|HHD,1,0,https://dodo.ac/np/images/6/6f/Timbra_NH.png,https://dodo.ac/np/images/a/a9/Timbra_NH_Villager_Icon.png,https://dodo.ac/np/images/4/43/Timbra%27s_Photo_NH_Texture.png,https://nookipedia.com/wiki/Timbra,d86808,fffce9
Tipper,Tipper,Cow,Snooty,B,Female,August 25,August,25,Virgo,pushy,It takes two to tango.,Fashion,Gorgeous,Cute,Colorful,Pink,Soulful K.K.,retro sweater,WW,WW|CF|NL|WA|NH|PC|HHD,1,0,https://dodo.ac/np/images/7/75/Tipper_NH.png,https://dodo.ac/np/images/4/4b/Tipper_NH_Villager_Icon.png,https://dodo.ac/np/images/e/e1/Tipper%27s_Photo_NH_Texture.png,https://nookipedia.com/wiki/Tipper,ffffff,848484
Toby,Toby,Rabbit,Smug,A,Male,July 10,July,10,Cancer,ribbit,"Toby or not Toby? I don't know, I'm asking you.",Music,Cute,Elegant,Green,Orange,King K.K.,Kerokerokeroppi tank top,NLWa,WA|NH|PC,1,0,https://dodo.ac/np/images/6/67/Toby_PC.png,https://dodo.ac/np/images/1/12/Toby_NH_Villager_Icon.png,https://dodo.ac/np/images/f/f6/Toby%27s_Photo_NH_Texture.png,https://nookipedia.com/wiki/Toby,fce229,479b78
Tom,Tom,Cat,Cranky,B,Male,December 10,December,10,Sagittarius,me-YOWZA,There's no use crying over spilled milk.,Education,Cool,Simple,Black,Gray,K.K. Rock,bulldog jacket,DnM,DnM|AC|e+|CF|NL|WA|NH|PC|HHD,1,0,https://dodo.ac/np/images/d/d1/Tom_NH.png,https://dodo.ac/np/images/6/6f/Tom_NH_Villager_Icon.png,https://dodo.ac/np/images/e/e8/Tom%27s_Photo_NH_Texture.png,https://nookipedia.com/wiki/Tom,0961f6,fffce9
Truffles,Truffles,Pig,Peppy,B,Female,July 28,July,28,Leo,snoutie,The best things in life are free.,Fashion,Cute,Gorgeous,Green,Red,Neapolitan,tee-parka combo,DnM,DnM|AC|e+|WW|CF|NL|WA|NH|PC|HHD,1,0,https://dodo.ac/np/images/e/eb/Truffles_NH.png,https://dodo.ac/np/images/d/da/Truffles_NH_Villager_Icon.png,https://dodo.ac/np/images/7/77/Truffles%27s_Photo_NH_Texture.png,https://nookipedia.com/wiki/Truffles,f993ce,fffce9
Tucker,Tucker,Elephant,Lazy,A,Male,September 7,September,7,Virgo,fuzzers,Time makes fossils of us all.,Nature,Active,Simple,Yellow,Orange,K.K. Safari,caveman tank,NL,NL|WA|NH|PC|HHD,1,0,https://dodo.ac/np/images/7/7c/Tucker_NH.png,https://dodo.ac/np/images/2/20/Tucker_NH_Villager_Icon.png,https://dodo.ac/np/images/9/9a/Tucker%27s_Photo_NH_Texture.png,https://nookipedia.com/wiki/Tucker,e8b010,fffce9
Tulin,Tulin,Bird,Jock,A,Male,March 3,March,3,Pisces,gust,Birds of a feather should fly together!,Play,Active,Simple,Green,Blue,K.K. Bashment,Tulin outfit,NH,NH,1,0,https://dodo.ac/np/images/f/f7/Tulin_NH.png,https://dodo.ac/np/images/f/f9/Tulin_NH_Villager_Icon.png,https://dodo.ac/np/images/5/5d/Tulin%27s_Photo_NH_Texture.png,https://nookipedia.com/wiki/Tulin,ffffff,9edc03
Tutu,Tutu,Bear,Peppy,B,Female,September 15,September,15,Virgo,twinkles,Even the best of friends start out as strangers.,Fashion,Cute,Simple,Pink,Red,Bubblegum K.K.,heart sweater,DnM,DnM|AC|e+|CF|NL|WA|NH|PC|HHD,1,0,https://dodo.ac/np/images/9/93/Tutu_NH.png,https://dodo.ac/np/images/d/d6/Tutu_NH_Villager_Icon.png,https://dodo.ac/np/images/7/70/Tutu%27s_Photo_NH_Texture.png,https://nookipedia.com/wiki/Tutu,ffffff,848484
Twiggy,Twiggy,Bird,Peppy,B,Female,July 13,July,13,Cancer,cheepers,It's the early bird that catches the worm!,Fashion,Simple,Cute,Pink,Blue,Bubblegum K.K.,striped tank,DnM,DnM|AC|e+|WW|CF|NL|WA|NH|PC|HHD,1,0,https://dodo.ac/np/images/6/67/Twiggy_NH.png,https://dodo.ac/np/images/0/02/Twiggy_NH_Villager_Icon.png,https://dodo.ac/np/images/0/05/Twiggy%27s_Photo_NH_Texture.png,https://nookipedia.com/wiki/Twiggy,fff80d,9b8986
Twirp,Twirp,Bird,Cranky,,Male,,,,Leo,CHIRP,,,,,,,,arctic camo,DnM,DnM|AC|e+,0,0,https://dodo.ac/np/images/a/a0/Twirp_PG.png,,,https://nookipedia.com/wiki/Twirp,,
Tybalt,Tybalt,Tiger,Jock,A,Male,August 19,August,19,Leo,grrrRAH,There's no excuse for half-baked potatoes.,Play,Active,Simple,Blue,Purple,K.K. Groove,simple parka,DnM,DnM|AC|e+|WA|NH|PC,1,0,https://dodo.ac/np/images/0/0f/Tybalt_NH.png,https://dodo.ac/np/images/3/30/Tybalt_NH_Villager_Icon.png,https://dodo.ac/np/images/d/d2/Tybalt%27s_Photo_NH_Texture.png,https://nookipedia.com/wiki/Tybalt,ffd00d,9b553a
Ursala,Ursala,Bear,Big sister,A,Female,January 16,January,16,Capricorn,grooomph,Surround yourself with things you love.,Music,Simple,Cute,Red,Orange,Café K.K.,striped maxi dress,DnM,DnM|AC|e+|WA|NH|PC,1,0,https://dodo.ac/np/images/6/65/Ursala_NH.png,https://dodo.ac/np/images/7/76/Ursala_NH_Villager_Icon.png,https://dodo.ac/np/images/8/8b/Ursala%27s_Photo_NH_Texture.png,https://nookipedia.com/wiki/Ursala,f2bdc7,634b4b
Valise,Valise,Kangaroo,Snooty,,Female,,,,Sagittarius,tadder,,,,,,,,rose shirt,DnM,DnM|AC|e+,0,0,https://dodo.ac/np/images/a/ad/Valise_PG.png,,,https://nookipedia.com/wiki/Valise,,
Velma,Velma,Goat,Snooty,B,Female,January 14,January,14,Capricorn,blih,"Work smarter, not harder.",Education,Elegant,Gorgeous,Aqua,Purple,Mr. K.K.,prim outfit,DnM,DnM|AC|e+|NL|WA|NH|PC|HHD,1,0,https://dodo.ac/np/images/5/59/Velma_NH.png,https://dodo.ac/np/images/c/cf/Velma_NH_Villager_Icon.png,https://dodo.ac/np/images/0/03/Velma%27s_Photo_NH_Texture.png,https://nookipedia.com/wiki/Velma,ff6183,fffce9
Vesta,Vesta,Sheep,Normal,B,Female,April 16,April,16,Aries,baaaffo,No sweater off my back.,Fashion,Simple,Cute,Orange,Red,Forest Life,hand-knit tank,DnM,DnM|AC|e+|WW|CF|NL|WA|NH|PC|HHD,1,0,https://dodo.ac/np/images/5/59/Vesta_NH_Transparent.png,https://dodo.ac/np/images/4/41/Vesta_NH_Villager_Icon.png,https://dodo.ac/np/images/2/2a/Vesta%27s_Photo_NH_Texture.png,https://nookipedia.com/wiki/Vesta,ffffff,848484
Vic,Vic,Bull,Cranky,A,Male,December 29,December,29,Capricorn,cud,"You mess with the bull, you get the horns.",Fitness,Cool,Active,Aqua,Blue,K.K. March,viking top,NL,NL|WA|NH|PC|HHD,1,0,https://dodo.ac/np/images/1/1d/Vic_NH.png,https://dodo.ac/np/images/a/a1/Vic_NH_Villager_Icon.png,https://dodo.ac/np/images/d/dd/Vic%27s_Photo_NH_Texture.png,https://nookipedia.com/wiki/Vic,c0ab72,fffce9
Viché,Viché,Squirrel,Normal,A,Female,July 7,July,7,Cancer,lip-synch,TWO heads are better than one!,Music,Gorgeous,Active,Yellow,White,K.K. Disco,Frye top,NLWa,WA|NH,1,0,https://dodo.ac/np/images/8/81/Vich%C3%A9_NH.png,https://dodo.ac/np/images/c/ca/Vich%C3%A9_NH_Villager_Icon.png,https://dodo.ac/np/images/4/4f/Vich%C3%A9%27s_Photo_NH_Texture.png,https://nookipedia.com/wiki/Vich%C3%A9,ffea0a,c87818
Victoria,Victoria,Horse,Peppy,B,Female,July 11,July,11,Cancer,sugar cube,Don't put the cart before the horse.,Fitness,Active,Simple,Yellow,Orange,K.K. Adventure,one-ball tee,DnMe+,e+|WW|CF|NL|WA|NH|PC|HHD,1,0,https://dodo.ac/np/images/d/da/Victoria_NH.png,https://dodo.ac/np/images/7/72/Victoria_NH_Villager_Icon.png,https://dodo.ac/np/images/8/8d/Victoria%27s_Photo_NH_Texture.png,https://nookipedia.com/wiki/Victoria,d8cc39,8b5f57
Violet,Violet,Gorilla,Snooty,B,Female,September 1,September,1,Virgo,sweetie,Pearls are a pink gorilla's best friend.,Fitness,Gorgeous,Cool,Purple,Pink,K.K. Bazaar,poncho-style sweater,DnMe+,e+|CF|NL|WA|NH|PC|HHD,1,1,https://dodo.ac/np/images/6/6b/Violet_NH.png,https://dodo.ac/np/images/a/a4/Violet_NH_Villager_Icon.png,https://dodo.ac/np/images/2/23/Violet%27s_Photo_NH_Texture.png,https://nookipedia.com/wiki/Violet,ec7efc,fffce9
Vivian,Vivian,Wolf,Snooty,A,Female,January 26,January,26,Aquarius,piffle,Onwards and upwards!,Education,Gorgeous,Elegant,Gray,Purple,K.K. Cruisin',peacoat-and-skirt combo,DnMe+,e+|WA|NH|PC,1,0,https://dodo.ac/np/images/2/24/Vivian_NH.png,https://dodo.ac/np/images/0/0a/Vivian_NH_Villager_Icon.png,https://dodo.ac/np/images/8/8b/Vivian%27s_Photo_NH_Texture.png,https://nookipedia.com/wiki/Vivian,e4b887,fffce9
Vladimir,Vladimir,Bear cub,Cranky,B,Male,August 2,August,2,Leo,nyet,Trouble never comes alone.,Play,Simple,Cool,Yellow,Colorful,Agent K.K.,striped shirt,DnM,DnM|AC|e+|CF|NL|WA|NH|PC|HHD,1,0,https://dodo.ac/np/images/7/75/Vladimir_NH.png,https://dodo.ac/np/images/1/1f/Vladimir_NH_Villager_Icon.png,https://dodo.ac/np/images/9/9a/Vladimir%27s_Photo_NH_Texture.png,https://nookipedia.com/wiki/Vladimir,ff6183,fffce9
W._Link,W. Link,Wolf,Smug,,Male,December 2,December,2,Sagittarius,ruff ruff,Walk on the wild side.,,,,,,,Wolf Link outfit,NLWa,WA,0,0,https://dodo.ac/np/images/4/45/W._Link_NLWa.png,,,https://nookipedia.com/wiki/W._Link,,
Wade,Wade,Penguin,Lazy,A,Male,October 30,October,30,Scorpio,so it goes,"Which came first, the seeds or the sunflower?",Nature,Simple,Gorgeous,Aqua,Blue,Stale Cupcakes,frog tee,DnMe+,e+|WA|NH|PC,1,0,https://dodo.ac/np/images/5/52/Wade_NH.png,https://dodo.ac/np/images/e/e7/Wade_NH_Villager_Icon.png,https://dodo.ac/np/images/b/be/Wade%27s_Photo_NH_Texture.png,https://nookipedia.com/wiki/Wade,ffffff,848484
Walker,Walker,Dog,Lazy,B,Male,June 10,June,10,Gemini,wuh,"The dog wags his tail, not for you, but for your bread.",Play,Simple,,Orange,Red,Two Days Ago,five-ball tee,DnMe+,e+|WW|CF|NL|WA|NH|PC|HHD,1,0,https://dodo.ac/np/images/0/0f/Walker_NH.png,https://dodo.ac/np/images/0/02/Walker_NH_Villager_Icon.png,https://dodo.ac/np/images/3/38/Walker%27s_Photo_NH_Texture.png,https://nookipedia.com/wiki/Walker,ffffff,848484
Walt,Walt,Kangaroo,Cranky,A,Male,April 24,April,24,Taurus,pockets,Take the good with the bad.,Fitness,Cool,,Black,Gray,K.K. Lament,casual kimono,NL,NL|WA|NH|PC|HHD,1,0,https://dodo.ac/np/images/b/bf/Walt_NH.png,https://dodo.ac/np/images/6/65/Walt_NH_Villager_Icon.png,https://dodo.ac/np/images/3/38/Walt%27s_Photo_NH_Texture.png,https://nookipedia.com/wiki/Walt,acc8cf,498992
Wart_Jr.,Wart Jr.,Frog,Cranky,B,Male,August 21,August,21,Leo,grr-ribbit,Age before beauty.,Education,Simple,,Blue,Purple,Steep Hill,hanten jacket,DnM,DnM|AC|e+|WW|CF|NL|WA|NH|PC|HHD,1,0,https://dodo.ac/np/images/2/21/Wart_Jr._NH.png,https://dodo.ac/np/images/f/fd/Wart_Jr._NH_Villager_Icon.png,https://dodo.ac/np/images/c/c2/Wart_Jr.%27s_Photo_NH_Texture.png,https://nookipedia.com/wiki/Wart_Jr.,d86808,fffce9
Weber,Weber,Duck,Lazy,A,Male,June 30,June,30,Cancer,quaa,Today's adults are yesterday's children.,Nature,Cool,Simple,Blue,Black,K.K. Fusion,striped shirt,DnM,DnM|AC|e+|WA|NH|PC,1,0,https://dodo.ac/np/images/6/66/Weber_NH.png,https://dodo.ac/np/images/7/74/Weber_NH_Villager_Icon.png,https://dodo.ac/np/images/d/db/Weber%27s_Photo_NH_Texture.png,https://nookipedia.com/wiki/Weber,a87850,fffce9
Weldon,Weldon,Bull,Cranky,,Male,,,,Aquarius,ムーチョ,,,,,,,,blue aloha shirt,DnMe+,e+,0,1,https://dodo.ac/np/images/6/69/Weldon_DnMe%2B.png,,,https://nookipedia.com/wiki/Weldon,,
Wendy,Wendy,Sheep,Peppy,B,Female,August 15,August,15,Leo,lambkins,Every cloud has a silver lining.,Fashion,Cool,Gorgeous,Red,Green,Space K.K.,watermelon dress,CF,CF|NL|WA|NH|PC|HHD,1,0,https://dodo.ac/np/images/2/23/Wendy_NH.png,https://dodo.ac/np/images/c/c0/Wendy_NH_Villager_Icon.png,https://dodo.ac/np/images/b/b6/Wendy%27s_Photo_NH_Texture.png,https://nookipedia.com/wiki/Wendy,55cfff,fffce9
Whitney,Whitney,Wolf,Snooty,B,Female,September 17,September,17,Virgo,snappy,Don't cry wolf unless you mean it.,Fashion,Elegant,Cool,Blue,Aqua,K.K. Soul,sleeveless shirtdress,WW,WW|CF|NL|WA|NH|PC|HHD|Film,1,0,https://dodo.ac/np/images/3/36/Whitney_NH.png,https://dodo.ac/np/images/a/a9/Whitney_NH_Villager_Icon.png,https://dodo.ac/np/images/a/ad/Whitney%27s_Photo_NH_Texture.png,https://nookipedia.com/wiki/Whitney,bff2ff,85a2af
Willow,Willow,Sheep,Snooty,B,Female,November 26,November,26,Sagittarius,bo peep,You can't fight your genes.,Fashion,Cute,Gorgeous,White,Pink,K.K. Soul,pom-pom sweater,DnMe+,e+|CF|NL|WA|NH|PC|HHD,1,0,https://dodo.ac/np/images/6/62/Willow_NH.png,https://dodo.ac/np/images/c/c4/Willow_NH_Villager_Icon.png,https://dodo.ac/np/images/b/bb/Willow%27s_Photo_NH_Texture.png,https://nookipedia.com/wiki/Willow,fff98f,879b96
Winnie,Winnie,Horse,Peppy,B,Female,January 31,January,31,Aquarius,hay-OK,"Smile, and the world smiles with you.",Fashion,Cool,Simple,White,Gray,K.K. Country,faux-hair sweater,DnM,DnM|AC|e+|CF|NL|WA|NH|PC|HHD,1,0,https://dodo.ac/np/images/b/b8/Winnie_NH.png,https://dodo.ac/np/images/4/44/Winnie_NH_Villager_Icon.png,https://dodo.ac/np/images/7/7e/Winnie%27s_Photo_NH_Texture.png,https://nookipedia.com/wiki/Winnie,c0ab72,fffce9
Wolfgang,Wolfgang,Wolf,Cranky,B,Male,November 25,November,25,Sagittarius,snarrrl,Don't be afraid to show your fangs.,Education,Cool,Active,Black,Green,K.K. D&amp;B,flight jacket,DnM,DnM|AC|e+|WW|CF|NL|WA|NH|PC|HHD,1,0,https://dodo.ac/np/images/a/aa/Wolfgang_NH.png,https://dodo.ac/np/images/1/1a/Wolfgang_NH_Villager_Icon.png,https://dodo.ac/np/images/c/c0/Wolfgang%27s_Photo_NH_Texture.png,https://nookipedia.com/wiki/Wolfgang,194c89,fffad4
Woolio,Woolio,Sheep,Jock,,Male,,,,Aries,biz-aaa,,,,,,,,dark polka shirt,DnM,DnM|AC|e+,0,0,https://dodo.ac/np/images/7/73/Woolio_PG.png,,,https://nookipedia.com/wiki/Woolio,,
Yodel,Yodel,Gorilla,Lazy,,Male,,,,Sagittarius,odelay,,,,,,,,blue aloha shirt,DnM+,AC|e+,0,1,https://dodo.ac/np/images/9/98/Yodel_PG.png,,,https://nookipedia.com/wiki/Yodel,,
Yuka,Yuka,Koala,Snooty,B,Female,July 20,July,20,Cancer,tsk tsk,Beauty is in the eye of the beholder.,Fashion,Cool,Elegant,Orange,Yellow,Soulful K.K.,Aran-knit sweater,DnM,DnM|AC|e+|WW|CF|NL|WA|NH|PC|HHD,1,0,https://dodo.ac/np/images/c/ca/Yuka_NH.png,https://dodo.ac/np/images/7/7c/Yuka_NH_Villager_Icon.png,https://dodo.ac/np/images/7/72/Yuka%27s_Photo_NH_Texture.png,https://nookipedia.com/wiki/Yuka,194c89,fffad4
Zell,Zell,Deer,Smug,A,Male,June 7,June,7,Gemini,pronk,Clothes totally make the mammal.,Music,Cool,Gorgeous,Purple,Gray,K.K. Swing,gilet and shirt,NL,NL|WA|NH|PC|HHD,1,0,https://dodo.ac/np/images/c/c0/Zell_NH.png,https://dodo.ac/np/images/7/78/Zell_NH_Villager_Icon.png,https://dodo.ac/np/images/0/01/Zell%27s_Photo_NH_Texture.png,https://nookipedia.com/wiki/Zell,4c3317,fffce9
Zoe,Zoe,Anteater,Normal,B,Female,February 10,February,10,Aquarius,zoozooroo,Don't sign until you've read the whole thing.,Education,Cute,Simple,Pink,White,K.K. Polka,silk floral-print shirt,DnM,DnM|AC|e+|NH|PC,1,0,https://dodo.ac/np/images/0/0b/Zoe_amiibo.png,https://dodo.ac/np/images/0/08/Zoe_NH_Villager_Icon.png,https://dodo.ac/np/images/8/8c/Zoe%27s_Photo_NH_Texture.png,https://nookipedia.com/wiki/Zoe,00d1bd,fffce9
Zucker,Zucker,Octopus,Lazy,A,Male,March 8,March,8,Pisces,bloop,There's no such thing as luck.,Nature,Simple,Cute,Blue,Yellow,Spring Blossoms,happi tee,NL,NL|WA|NH|PC|HHD,1,0,https://dodo.ac/np/images/7/7f/Zucker_NH.png,https://dodo.ac/np/images/e/e2/Zucker_NH_Villager_Icon.png,https://dodo.ac/np/images/1/13/Zucker%27s_Photo_NH_Texture.png,https://nookipedia.com/wiki/Zucker,e4b887,fffce9
Étoile,Étoile,Sheep,Normal,A,Female,December 25,December,25,Capricorn,fuzzy,Who knows what the stars have in store for us?,Music,Cute,Gorgeous,Aqua,Pink,K.K. Lullaby,Kiki &amp; Lala tee,NLWa,WA|NH|PC,1,0,https://dodo.ac/np/images/2/23/%C3%89toile_PC.png,https://dodo.ac/np/images/2/21/%C3%89toile_NH_Villager_Icon.png,https://dodo.ac/np/images/0/03/%C3%89toile%27s_Photo_NH_Texture.png,https://nookipedia.com/wiki/%C3%89toile,b99fff,ffd7eb
